Suburb House  Price - 2021,,,,,,,,,,,,,,,,
,2011,2012,2013,2014,2015,2016,2017,2018,2019,2020,2021,prelim 2022,change,change,Growth PA,
locality,Median,Median,Median,Median,Median,Median,Median,Median,Median,Median,Median,Median,2020-2021,2011-2021,,
 ,,,,,,,,,,,,,,,,
,,,,,,,,,,,,,,,,
ABBOTSFORD,730000,714000,792500,862500,925000,1187500,1280000,1192500,1050000,1200000,1375000,1517500,15,88,6.5,
ABERFELDIE,994000,852500,947500,1045000,1207500,1300000,1471000,1498500,1390000,1520000,1880500,1575000,24,89,6.6,
AINTREE,-,-,-,-,600000,600000,571000,557500,575000,640000,719000,760000,12,NA,NA,
AIREYS INLET,680000,634000,664000,625500,680000,715000,737500,869000,985000,1132500,1775000,1750000,57,161,10.1,
AIRPORT WEST,557500,495000,532000,575000,635000,742000,845000,845000,795000,812500,960000,919500,18,72,5.6,
ALBANVALE,317000,310000,313000,328000,345000,439000,526500,546000,512000,545000,610000,605000,12,92,6.8,
ALBERT PARK,1390000,1270000,1360000,1503000,1700000,1775000,2150000,2070000,1990000,1895000,2300000,2076000,21,65,5.2,
ALBION,400000,379500,379000,432000,481000,593000,730000,755000,675000,727500,830000,785000,14,108,7.6,
ALEXANDRA,255000,239000,261000,247500,285000,275000,291500,335000,325000,380000,440000,545000,16,73,5.6,
ALFREDTON,333000,340000,361500,362000,340500,375000,412500,439000,480000,512000,605000,700000,18,82,6.2,
ALLANSFORD,332000,257500,310000,242500,259000,275000,280000,245000,300000,371000,441500,629000,19,33,2.9,
ALPHINGTON,985000,1000000,1080000,1029000,1296500,1272500,1560000,1612500,1460000,1865000,2290000,1990000,23,132,8.8,
ALTONA,575000,570000,575000,646500,718000,829000,950000,932500,890000,917000,1160000,1018000,26,102,7.3,
ALTONA EAST,523000,550000,561000,603000,650000,795000,885000,902000,855000,870000,1015000,1095000,17,94,6.9,
ALTONA MEADOWS,395000,375000,390000,413000,440000,495000,625000,631500,617500,640000,720000,750000,13,82,6.2,
ALTONA NORTH,520000,484000,510000,555000,645000,726000,828000,830000,780000,830000,960000,920000,16,85,6.3,
ANGLESEA,600500,587500,550000,612500,635000,652500,788000,870000,915000,1100000,1440000,1712500,31,140,9.1,
APOLLO BAY,495000,432500,450000,457500,435000,480000,545000,555000,600000,710000,914500,1160000,29,85,6.3,
ARARAT,169000,165000,180000,200000,210000,204500,199000,199000,215000,244000,313000,340000,28,85,6.4,
ARDEER,360000,342500,330000,360000,381500,517500,595000,629000,572000,615000,719000,737500,17,100,7.2,
ARMADALE,1615000,1500000,1675000,1750000,2172500,2364000,2300000,2341500,2490000,2575000,2585000,2721000,0,60,4.8,
ARMSTRONG CREEK,205000,362500,467500,441500,440000,450000,471000,535000,529500,547000,660000,721000,21,222,12.4,
ASCOT (GREATER BENDIGO),323500,350000,349500,344500,349000,370000,358000,380000,415500,470000,562500,555000,20,74,5.7,
ASCOT VALE,735000,701500,735000,810000,885000,1010000,1185000,1197500,1098500,1270000,1315000,1270000,4,79,6.0,
ASHBURTON,890000,870000,1000000,1200000,1435000,1567500,1812500,1712500,1641500,1600000,2000000,2225000,25,125,8.4,
ASHWOOD,748000,681000,775000,888000,1140000,1230000,1359000,1210000,1100000,1250500,1442500,1410000,15,93,6.8,
ASPENDALE,630000,610000,620000,690000,795500,891000,1125000,980000,988000,1120000,1300000,1350000,16,106,7.5,
ASPENDALE GARDENS,550000,552000,586500,632000,715000,775000,882500,935000,844000,970000,1131000,1157000,17,106,7.5,
ATTWOOD,592000,500000,540000,515000,620000,660000,742500,750000,767500,750000,970000,703000,29,64,5.1,
AVENEL,221500,230500,231000,302000,245000,250000,355000,349000,370000,450000,455000,515000,1,105,7.5,
AVOCA,151000,181500,182500,180000,182500,165000,212500,220000,219500,290000,325000,375000,12,115,8.0,
AVONDALE HEIGHTS,538000,536000,532500,560000,650000,750000,845500,830000,810000,842500,970000,990000,15,80,6.1,
AVONSLEIGH,385500,345000,420000,355000,397500,501000,562000,540000,532500,615000,752500,705000,22,95,6.9,
BACCHUS MARSH,330000,325000,335500,348000,355000,376000,415500,480000,500000,520000,596500,620000,15,81,6.1,
BADGER CREEK,295000,295000,315000,325000,345000,379000,465000,500000,498000,550000,665000,700000,21,125,8.5,
BAIRNSDALE,235000,231000,235000,244000,246500,255000,272500,279000,274000,290000,350000,425000,21,49,4.1,
BALACLAVA,793500,717500,860500,942000,1100000,1242500,1385500,1196000,1350000,1390000,1550000,1660000,12,95,6.9,
BALCOMBE,718500,686000,712500,737000,871000,950000,1100000,1240000,1125000,1300000,1750000,1852500,35,144,9.3,
BALLAN,310000,305000,352000,330000,359000,370000,417000,462000,450000,505000,603500,661000,20,95,6.9,
BALLARAT CENTRAL,320000,313500,322000,327500,353000,385000,430000,447500,515000,560000,700000,710000,25,119,8.1,
BALLARAT EAST,245000,255000,265000,265000,275000,295000,310000,340000,360000,398000,487500,540000,22,99,7.1,
BALLARAT NORTH,275000,280000,296000,312000,315000,339500,346500,389000,415000,425000,566500,635000,33,106,7.5,
BALNARRING,472500,501500,525000,544000,595000,670000,815000,814500,825000,938500,1275000,1306500,36,170,10.4,
BALNARRING BEACH,630000,660000,750000,700000,887500,904000,890000,1115000,1275000,1250000,1570000,1847500,26,149,9.6,
BALWYN,1363000,1295000,1530000,1780000,2210000,2180000,2340000,2420000,2385000,2260000,2750000,2716500,22,102,7.3,
BALWYN NORTH,1100000,997500,1240000,1452000,1850000,1800000,1950000,1810000,1720000,1887500,2255500,1976500,19,105,7.4,
BANDIANA,367000,345500,339000,355000,377500,370000,375000,390000,374000,380000,447000,449500,18,22,2.0,
BANNOCKBURN,378000,351500,370000,405000,393000,382000,430000,487500,530000,555000,680000,720000,23,80,6.1,
BARANDUDA,340000,340000,345000,330000,323000,350000,350000,403500,395000,430500,487000,683000,13,43,3.7,
BARNAWARTHA,220000,222000,245000,220000,305000,245000,312000,280000,316000,345000,358500,405000,4,63,5.0,
BARWON HEADS,607500,632500,742500,715000,775000,842500,916000,965000,1023000,1285000,1557000,1667500,21,156,9.9,
BAXTER,320000,315000,330500,325000,340000,403000,530000,542500,530000,567500,710000,787500,25,122,8.3,
BAYSWATER,447500,426500,458500,525000,632500,693000,800500,753000,720000,747000,872500,936500,17,95,6.9,
BAYSWATER NORTH,436000,426500,468500,490000,580000,628000,737500,713000,695000,731000,860000,868500,18,97,7.0,
BEACONSFIELD,505000,511500,486500,525000,559000,585000,694500,730000,685000,711000,892000,891000,25,77,5.9,
BEACONSFIELD UPPER,437500,535000,470000,507500,602500,630000,725500,903500,787500,818000,900000,1205000,10,106,7.5,
BEAUFORT,142500,186000,186000,220000,205000,237500,220000,225000,242500,325000,390000,380000,20,174,10.6,
BEAUMARIS,1050000,997000,1074000,1129500,1345000,1455000,1611000,1674000,1587500,1725000,2100000,2060000,22,100,7.2,
BEEAC,197500,216000,157500,162500,158000,148000,200500,191500,180000,265000,345500,NA,30,75,5.7,
BEECHWORTH,320000,304500,295000,295000,332000,345000,399000,400000,478500,487500,645000,645000,32,102,7.3,
BELGRAVE,375000,390000,410000,426000,482500,545000,620000,676000,636000,680000,782500,913000,15,109,7.6,
BELGRAVE HEIGHTS,382000,399000,430000,480000,590500,624000,687500,701500,685000,737500,902500,1167000,22,136,9.0,
BELGRAVE SOUTH,475000,447500,548000,541000,555500,565000,689000,782500,665500,845000,1085000,885000,28,128,8.6,
BELL PARK,315000,290500,314000,323500,340000,360000,400000,452500,482000,500000,620000,560000,24,97,7.0,
BELL POST HILL,320000,328000,328000,333500,344500,355000,435000,487000,475000,508500,657500,707500,29,105,7.5,
BELLFIELD (BANYULE),550500,510000,516000,582500,700000,778000,897000,882500,790000,800000,973000,NA,22,77,5.9,
BELMONT,345000,350000,360000,362000,395000,430000,500000,545000,545000,605000,730000,745000,21,112,7.8,
BENALLA,225000,216500,228000,235500,222500,231500,250000,284000,290000,302000,394000,415000,30,75,5.8,
BENDIGO,290000,335000,340000,376500,372000,400000,400000,400000,420000,500000,602500,660000,21,108,7.6,
BENTLEIGH,882000,820000,900000,1050000,1245000,1380000,1470000,1394000,1376000,1510000,1748500,1680000,16,98,7.1,
BENTLEIGH EAST,720000,680000,750000,850000,1000500,1115000,1256000,1205000,1200000,1252500,1470000,1528000,17,104,7.4,
BERWICK,440000,451000,453000,487500,535000,583000,670000,691000,672000,700000,830000,862500,19,89,6.6,
BEVERIDGE,416500,412500,396000,351500,400000,430000,495000,540000,590000,540000,642500,684000,19,54,4.4,
BIRCHIP,77000,87500,120000,90000,121500,55000,100000,100000,108500,121500,130000,180000,7,69,5.4,
BIRREGURRA,260000,260000,255000,337500,302500,345000,382500,412500,463000,489500,692500,807500,41,166,10.3,
BITTERN,365000,382500,402000,390000,382500,464000,526500,650000,577500,630000,748000,872500,19,105,7.4,
BLACK HILL,292000,265000,283500,321500,300000,315000,370000,405000,492500,491000,550000,650000,12,88,6.5,
BLACK ROCK,1237500,1175000,1225000,1400000,1545000,1745000,2017500,2023000,1793000,1900000,2547500,2925000,34,106,7.5,
BLACKBURN,786000,750000,860500,936000,1200500,1241000,1410000,1370500,1305000,1408000,1638500,1845500,16,109,7.6,
BLACKBURN NORTH,617500,609000,692000,790000,921500,1040000,1140500,1038000,1017500,1090000,1300000,1430500,19,111,7.7,
BLACKBURN SOUTH,636500,632000,697500,780000,920500,1050000,1200000,1063500,1034000,1100500,1338500,1325000,22,110,7.7,
BLACKWOOD,263000,245000,310000,266000,260000,291000,403000,326500,372500,477500,610000,730000,28,132,8.8,
BLAIRGOWRIE,600000,580000,609000,627500,621500,770000,883000,990500,921500,1142000,1550000,1670000,36,158,10.0,
BLIND BIGHT,358000,319000,362500,343000,401000,440000,514000,546000,552500,570000,668500,700000,17,87,6.4,
BONBEACH,555000,535000,580000,635000,700000,778000,882500,910000,855000,930000,1100000,1191000,18,98,7.1,
BONNIE DOON,215000,262500,250000,275000,290000,290000,315000,417500,410000,372500,565000,762500,52,163,10.1,
BONSHAW,-,-,-,309000,309000,322500,235000,400000,379000,435000,523500,585000,20,NA,NA,
BOOLARRA,209000,190000,196500,260000,212500,202500,255000,250000,247500,255000,355000,NA,39,70,5.4,
BOORT,164000,107000,157500,162500,130000,200500,215000,180000,185000,165000,240000,215000,45,46,3.9,
BORONIA,440000,430000,459500,500500,592500,648500,735000,742500,680000,715000,845000,852500,18,92,6.7,
BOTANIC RIDGE,475000,500000,492000,519000,565000,600000,690000,730000,700000,726000,880000,875000,21,85,6.4,
BOX HILL,975000,852000,855000,1067000,1350000,1360500,1738000,1700500,1536500,1512500,1630500,1290000,8,67,5.3,
BOX HILL NORTH,678000,648500,746000,856500,1060000,1146000,1321000,1188000,1200000,1187500,1325000,1466000,12,95,6.9,
BOX HILL SOUTH,770000,715000,785000,910000,1153000,1255000,1409000,1285500,1177500,1255000,1553000,1448000,24,102,7.3,
BRAYBROOK,443000,396000,424000,479500,550000,629000,665000,728500,646500,670000,760000,840000,13,72,5.5,
BREAKWATER,252500,242500,255000,251500,267500,277500,335000,385000,405000,410000,534500,593500,30,112,7.8,
BRIAGOLONG,225000,215000,226000,200000,215000,265000,257000,264000,315000,277500,400000,NA,44,78,5.9,
BRIAR HILL,545500,540000,572500,633000,680000,721500,833000,880000,823500,863000,1015000,1212500,18,86,6.4,
BRIDGEWATER ON LODDON,145000,175000,180000,190000,245000,269000,276000,288000,265000,290000,360000,340000,24,148,9.5,
BRIGHT,335000,340000,325000,339500,392500,429500,495000,590000,580000,700000,911000,1225000,30,172,10.5,
BRIGHTON,1730000,1789500,1802500,1940000,2302500,2740000,3050000,2888000,2662500,3136000,3478000,2938000,11,101,7.2,
BRIGHTON EAST,1100000,1075000,1230000,1300000,1600000,1750000,1900000,1880000,1700000,1965000,2250000,2160000,15,105,7.4,
BROADFORD,260000,268500,291000,267000,270000,287500,330000,396500,415000,454000,505000,594000,11,94,6.9,
BROADMEADOWS,357000,320000,325000,345000,370000,416500,546000,575000,526000,554500,595000,600000,7,67,5.2,
BROOKFIELD,341000,332000,330000,350500,340000,360000,425000,491500,445000,500000,537500,588500,8,58,4.7,
BROOKLYN,485000,470000,491500,540000,602000,700500,834000,695000,672500,700000,850000,749500,21,75,5.8,
BROWN HILL,258500,300000,310000,281500,270000,338000,350000,405000,449000,487500,600000,630000,23,132,8.8,
BRUNSWICK,670000,673000,750000,815000,860500,946000,1200000,1100000,1033500,1100000,1350000,1325000,23,101,7.3,
BRUNSWICK EAST,700000,713000,767000,819500,888000,998000,1150000,1170000,1011500,1283000,1420000,1360000,11,103,7.3,
BRUNSWICK WEST,701500,685000,745000,790000,866500,1005000,1155000,1160000,1061500,1177500,1361000,1275000,16,94,6.9,
BRUTHEN,204000,175000,198000,182500,205000,207000,229500,261000,229000,345000,285000,389000,-17,40,3.4,
BULLEEN,722500,707000,780000,861000,1095000,1170000,1300000,1230000,1105000,1177000,1360000,1341000,16,88,6.5,
BUNDALONG,500000,385000,337500,336500,372500,425000,373000,462000,515000,725000,674500,3400000,-7,35,3.0,
BUNDOORA,490000,485000,530000,553500,600500,652000,753000,730000,732500,745000,867500,846500,16,77,5.9,
BUNINYONG,307500,376500,348000,385000,364500,381000,470000,467500,475000,587500,666000,750000,13,117,8.0,
BUNYIP,340000,342500,332500,325000,420000,357500,437500,550000,500500,541500,652500,750000,20,92,6.7,
BURNLEY,810000,797500,836000,1100000,999000,1215000,1405000,1277500,1188500,1497500,1595000,1850000,7,97,7.0,
BURNSIDE,410000,385000,390000,401000,415000,518500,572500,605000,605000,660000,720000,754500,9,76,5.8,
BURNSIDE HEIGHTS,405000,420000,427000,442500,460000,522000,590000,633000,591000,652500,701000,713500,7,73,5.6,
BURWOOD,799000,765000,780000,921000,1190000,1219000,1357000,1320000,1168000,1277500,1430000,1380000,12,79,6.0,
BURWOOD EAST,630000,617000,685500,782000,982500,1021000,1126500,1005000,1032500,1052000,1252000,1300000,19,99,7.1,
CAIRNLEA,478500,440000,480000,545000,540000,608500,710000,734000,752500,807500,850000,781000,5,78,5.9,
CALIFORNIA GULLY,240000,255000,252500,262000,255000,255000,250000,275000,287000,318000,415000,438000,31,73,5.6,
CAMBERWELL,1322000,1300000,1382000,1655000,1912500,2090000,2300000,2155000,2070000,2085000,2563500,2403000,23,94,6.8,
CAMPBELLFIELD,360000,330000,330000,338000,374500,420000,507000,550000,533000,537500,600000,636000,12,67,5.2,
CAMPBELLS CREEK,340000,343500,382000,345000,387500,426500,380000,460500,500000,522500,650000,695000,24,91,6.7,
CAMPERDOWN,180000,183500,220000,186000,218000,217500,240000,235000,280000,295000,362500,404000,23,101,7.3,
CANADIAN,298000,290500,322500,297000,345000,339000,334500,373000,375000,422500,490000,568000,16,64,5.1,
CANTERBURY,1730000,1790000,1950000,2100000,2523000,2620000,3140000,2533000,2902500,2705000,3340000,3180000,23,93,6.8,
CAPE PATERSON,420000,348000,337000,332000,350000,358000,407500,442000,540000,635500,782500,948000,23,86,6.4,
CAPE SCHANCK,477500,655000,620000,557500,660000,667500,972500,845000,940000,1095500,1365000,952500,25,186,11.1,
CAPEL SOUND,375000,330000,350000,366000,390000,445000,542500,550000,520000,580000,775000,850000,34,107,7.5,
CARISBROOK,134500,192500,218500,238500,200000,200000,245000,232500,300000,301500,364000,555000,21,171,10.5,
CARLTON,1055000,870000,1002500,1020000,830000,1050000,1470000,1625000,1308000,1452500,1492500,1600000,3,41,3.5,
CARLTON NORTH,833000,940000,890500,1095000,1177500,1360000,1628000,1445000,1555000,1500000,1670000,1640000,11,100,7.2,
CARNEGIE,905500,845000,865000,1007500,1300000,1348500,1510000,1445000,1313500,1420500,1781000,1450000,25,97,7.0,
CAROLINE SPRINGS,420000,427500,435000,460000,480000,530000,611000,620000,620000,650000,720000,731000,11,71,5.5,
CARRUM,492500,499000,510000,536000,611000,750000,835500,860000,770000,830000,952500,916500,15,93,6.8,
CARRUM DOWNS,345000,334000,330000,346000,370000,430000,525000,575000,537000,577000,675000,728000,17,96,6.9,
CASTERTON,106500,110000,97500,99000,100000,126500,142000,132500,150000,161500,200000,195000,24,88,6.5,
CASTLEMAINE,322500,338000,372500,369500,380000,410000,435000,499000,520000,555000,675500,718000,22,109,7.7,
CAULFIELD,1150000,1085000,1172500,1322000,1650000,1715000,1885000,1701000,1762500,1818500,2060000,1890000,13,79,6.0,
CAULFIELD NORTH,1350000,1330000,1415000,1480000,1875000,2181000,2285000,1933500,2112000,2350000,2565000,2755000,9,90,6.6,
CAULFIELD SOUTH,930000,890000,1050000,1200000,1375000,1517500,1690000,1600000,1494500,1747500,1950000,1800000,12,110,7.7,
CHADSTONE,625000,595000,719000,823500,925000,1017500,1131000,1050000,958000,1105000,1255000,1192500,14,101,7.2,
CHARLEMONT,-,-,-,-,-,-,157000,455000,465000,530000,627500,677500,18,NA,NA,
CHARLTON,117000,123000,120000,131000,179500,160000,136000,150000,147000,149500,195000,270000,30,67,5.2,
CHELSEA,525000,545000,577500,580000,730000,890000,914000,905000,856500,980000,1193500,1205000,22,127,8.6,
CHELSEA HEIGHTS,454000,440000,465000,513000,598000,641000,750000,778000,750000,805000,977500,985000,21,115,8.0,
CHELTENHAM,644000,635500,695000,775000,867000,940500,1171000,1105000,1035000,1130000,1308000,1518500,16,103,7.3,
CHELTENHAM EAST,580000,545000,600000,670000,770000,867500,982500,940000,940000,1010500,1190000,1138500,18,105,7.5,
CHELTENHAM NORTH,581500,570000,584000,662000,745000,900000,1025000,925000,913000,922500,1057500,886000,15,82,6.2,
CHEWTON,255000,230500,312500,296000,369000,403500,320000,435000,439500,605000,672500,1550000,11,164,10.2,
CHILTERN,202000,208000,171500,187500,220000,250000,238500,260000,223500,321000,330000,392000,3,63,5.0,
CHIRNSIDE PARK,464000,435500,450000,490500,542500,627000,735000,700000,680500,757000,900000,950000,19,94,6.8,
CHURCHILL,170000,176500,182000,178500,172500,182000,175000,180000,185000,226000,305000,361000,35,79,6.0,
CLARINDA,530000,475500,525000,606500,682500,751000,866000,802500,820000,851500,1024500,1173000,20,93,6.8,
CLAYTON,617000,572500,645000,750000,976000,1010500,1250000,1255000,1158000,1055000,1200000,1082500,14,95,6.9,
CLAYTON NORTH,619500,649000,630000,850000,1075000,1100000,1234500,1330000,1377500,1330000,1300000,1107500,-2,110,7.7,
CLAYTON SOUTH,511000,467500,522500,580000,690000,755000,850000,850000,832000,830000,980000,1032500,18,92,6.7,
CLIFTON HILL,780000,801500,867000,965000,1085000,1220000,1390000,1364500,1348000,1375000,1750000,1670000,27,124,8.4,
CLIFTON SPRINGS,340000,325000,336000,342000,345000,365000,420000,472000,485000,518500,665000,740000,28,96,6.9,
CLUNES,199000,196500,219000,237500,245000,255000,263000,354000,320000,360000,440000,510000,22,121,8.3,
CLYDE,515000,272500,397000,406000,397000,435000,430000,505000,545000,575000,636000,700000,11,23,2.1,
CLYDE NORTH,300000,395000,409000,380000,410000,491000,550000,595000,570000,605000,680000,750000,12,127,8.5,
COBBLEBANK,-,400000,335500,323000,318000,328000,374000,460000,480000,510000,562500,646500,10,0,NA,
COBDEN,200000,186500,162500,145000,178500,177000,263000,225000,237000,272000,339500,303000,25,70,5.4,
COBRAM,207500,221500,218000,230000,236000,265000,255000,255000,272500,300000,370000,375000,23,78,6.0,
COBURG,611000,594000,633000,710000,778000,876000,1000000,968000,935500,1096000,1255000,1262500,15,105,7.5,
COBURG EAST,510000,466500,560000,597500,675000,765000,861000,841500,825000,975000,1102000,1015000,13,116,8.0,
COBURG NORTH,540000,489500,538500,600000,665000,780000,821000,814000,805000,912500,1017000,1081000,11,88,6.5,
COCKATOO,325000,333500,355000,365000,385500,430000,539500,591000,580000,610000,730500,850000,20,125,8.4,
COHUNA,170000,140000,139000,175000,175000,157500,180000,177500,204000,232500,260000,275000,12,53,4.3,
COLAC,215000,225000,226500,235000,246500,259500,282500,320000,315000,350000,420000,517500,20,95,6.9,
COLDSTREAM,377500,368000,385000,405000,441000,521000,597500,660000,635000,648000,767000,800000,18,103,7.3,
COLERAINE,124000,109500,118000,95000,96000,90000,133000,114000,144000,127000,172000,299000,35,39,3.3,
COLLINGWOOD,697500,734000,741000,775000,914000,920000,1205000,1097500,1060000,1155000,1251500,1289000,8,79,6.0,
CONNEWARRE,707500,810000,612500,722500,800000,892000,955000,1200000,1345000,1647500,1625000,2842500,-1,130,8.7,
COOLAROO,304000,278000,290000,290000,302500,340000,451000,480000,441000,477000,500000,550000,5,64,5.1,
COONANS HILL,630000,613500,655000,732000,743000,870000,963000,927000,902500,1055000,1213000,1280500,15,93,6.8,
COONGULLA,250000,156000,150000,205000,189000,185000,192000,242000,335000,285000,280000,292500,-2,12,1.1,
CORINELLA,282500,290000,330000,270000,370000,325000,391000,450000,357500,510000,670000,1490500,31,137,9.0,
CORIO,225000,230000,230000,242000,240000,250000,305000,370000,351500,390000,458000,524000,17,104,7.4,
CORONET BAY,261500,222500,251000,249000,240000,266000,325500,345000,370000,407500,522500,640000,28,100,7.2,
CORRYONG,155000,152500,166500,135000,160000,164000,180000,162500,236000,226500,240000,287500,6,55,4.5,
COWES,384500,380000,385000,357500,412500,400000,440000,541000,560000,589500,876500,1067500,49,128,8.6,
COWES WEST,351000,345000,320000,350000,329000,353500,390000,485500,508000,545000,702500,825000,29,100,7.2,
CRAIGIEBURN,360000,350000,360000,362000,390000,425000,502500,546500,525000,560000,620000,668000,11,72,5.6,
CRANBOURNE,325000,313000,315000,331500,360000,406000,510000,540000,500000,510500,618000,670000,21,90,6.6,
CRANBOURNE EAST,368000,370000,390000,410000,437000,460000,535000,574500,567000,590000,662500,720000,12,80,6.1,
CRANBOURNE NORTH,362000,370000,370000,375000,410000,455000,541000,600000,570000,587500,653000,715000,11,80,6.1,
CRANBOURNE SOUTH,-,-,-,455000,685000,685000,600000,425000,632500,634000,710000,780000,12,NA,NA,
CRANBOURNE WEST,319000,320000,330000,335000,350000,410000,510500,540000,508000,530000,625000,696000,18,96,7.0,
CREMORNE,735000,701000,821000,886500,1030000,1072000,1230000,1420000,1290000,1405000,1500000,1777500,7,104,7.4,
CRESWICK,223000,245000,245000,270000,265000,292500,311500,324000,350000,387500,500000,520000,29,124,8.4,
CRIB POINT,330000,350000,355000,339000,350000,402000,502500,555000,527500,580000,740000,870000,28,124,8.4,
CROYDON,465000,450000,470000,525000,605000,695000,810000,792500,735000,787500,920000,910500,17,98,7.1,
CROYDON HILLS,532000,538000,571500,606000,697000,730000,875000,877500,835000,920000,1100000,1120000,20,107,7.5,
CROYDON NORTH,505500,520000,540500,600000,702500,790500,872000,840000,827500,860500,1050000,1188000,22,108,7.6,
CROYDON SOUTH,435500,436500,442000,530000,600000,655000,800000,757500,715500,740000,895000,887500,21,106,7.5,
CURLEWIS,153000,439500,385500,382500,387000,406500,430000,495000,565000,572500,646500,693000,13,323,15.5,
DALLAS,305000,276500,280000,295000,321500,345000,430000,490000,451500,467500,525000,535000,12,72,5.6,
DALYSTON,281500,210000,245000,260000,257000,255000,273500,305000,373000,421000,536000,567500,27,90,6.7,
DANDENONG,400500,400000,405000,439000,485000,555500,620000,640000,601000,630000,700000,715000,11,75,5.7,
DANDENONG NORTH,395000,370000,390000,415500,481000,551000,633500,640000,606500,640000,729500,750000,14,85,6.3,
DARLEY,325000,340500,330500,360000,377500,371500,430000,505000,520000,500000,611500,685000,22,88,6.5,
DAYLESFORD,351500,384500,385000,401500,442500,464000,502000,552500,592500,692500,832500,895000,20,137,9.0,
DEANSIDE,-,-,-,-,-,-,340000,352500,335000,650000,600000,604500,-8,NA,NA,
DEEPDENE,2046500,1875000,1981000,2215000,2750000,2600000,2862500,2692500,2858000,3150000,3190000,3328000,1,56,4.5,
DEER PARK,357000,345000,348000,365000,390000,441000,552500,580000,550000,580000,630000,648000,9,76,5.8,
DELACOMBE,278500,285000,280000,292000,290000,319000,325000,360000,390000,410000,523000,550000,28,88,6.5,
DELAHEY,370000,360000,372500,370000,400000,458000,545000,575000,530000,575000,645000,664000,12,74,5.7,
DENNINGTON,349000,323500,320000,315000,345000,342500,345000,355000,360000,395000,492500,630000,25,41,3.5,
DERRIMUT,418000,410000,417000,435000,466000,530000,635000,615000,649000,658000,715000,747000,9,71,5.5,
DERRINALLUM,157500,160000,97000,174000,125000,150000,162000,122500,221500,250000,270500,291000,8,72,5.6,
DIAMOND CREEK,515000,490000,513000,550000,580000,646500,755000,782500,750500,797500,1005000,1050000,26,95,6.9,
DIGGERS REST,285000,279000,280000,325000,325000,360000,440500,500000,515000,560000,611500,657500,9,115,7.9,
DIMBOOLA,107500,90000,89000,90500,109500,116000,122500,130000,120000,154000,200000,252500,30,86,6.4,
DINGLEY VILLAGE,540000,515000,553500,607000,690000,775500,887000,840500,810000,930000,1050000,1230000,13,94,6.9,
DINNER PLAIN,450000,410000,390000,309000,359000,400000,412500,510000,520000,565000,757500,900000,34,68,5.3,
DONALD,165000,104000,140000,120000,125000,145000,122000,145000,136000,145000,168500,225000,16,2,0.2,
DONCASTER,770000,720000,850000,999000,1176000,1297500,1366500,1320000,1270000,1280000,1496000,1572500,17,94,6.9,
DONCASTER EAST,720000,682000,789000,894500,1113500,1230000,1360000,1222000,1198000,1255000,1500000,1570500,20,108,7.6,
DONNYBROOK,-,-,-,-,-,-,-,530000,540000,620000,607000,665000,-2,NA,NA,
DONVALE,712500,681000,735000,840000,964000,970000,1201000,1182500,1140000,1195000,1350000,1318000,13,90,6.6,
DOREEN,460000,450000,415000,430000,440000,470500,550000,601000,598000,625000,707000,721000,13,54,4.4,
DOVETON,322000,290000,302000,310500,348000,405000,490000,543500,471500,500000,588000,625000,18,83,6.2,
DROMANA,455000,451000,462000,492000,552000,583000,690000,786000,715000,762500,987500,999000,30,117,8.1,
DROUIN,289000,290000,300000,311000,320000,347000,390000,455000,440000,470000,570000,622000,21,97,7.0,
DRUMCONDRA,800000,744000,802500,742000,787500,777500,858500,1025500,900000,1157500,1665000,NA,44,108,7.6,
DRYSDALE,425000,360000,390000,405000,410000,409000,436500,515000,575500,585000,690000,805000,18,62,5.0,
DUNKELD,245000,179000,210000,177500,191500,207500,210000,297500,225000,287500,575500,NA,100,135,8.9,
DUNOLLY,145000,159000,182500,170000,167500,180000,179000,206500,234500,209500,265000,419000,26,83,6.2,
EAGLE POINT,301500,237000,227000,281500,335000,267500,250000,300000,360000,397500,400000,422000,1,33,2.9,
EAGLEHAWK,240000,260000,264000,274000,283000,270000,295000,315000,321500,360000,440500,485000,22,83,6.3,
EAGLEMONT,1500000,1343500,1340000,1522500,1730000,1895500,1963000,1955000,1863000,2000000,2400000,2475000,20,60,4.8,
EAST BAIRNSDALE,176500,190000,226000,160000,202500,212500,222000,227000,235000,320000,355000,357000,11,101,7.2,
EAST BENDIGO,267000,295000,285000,330000,300000,303500,335000,318000,390000,389500,460000,501500,18,72,5.6,
EAST GEELONG,400000,395000,450000,427000,440000,512500,600000,637000,632500,815000,920000,846000,13,130,8.7,
EAST MELBOURNE,1737500,2480000,1790000,1850000,2750000,3655000,3585000,2675000,3350000,2675000,3300000,5820000,23,90,6.6,
EAST WARBURTON,332500,282500,289500,275000,305000,369000,392500,428500,458000,532500,645000,523000,21,94,6.9,
EASTWOOD,334000,332000,335000,342000,335000,357500,380000,385000,410000,415000,535000,552500,29,60,4.8,
ECHUCA,278000,270000,285000,285000,300000,310000,320000,365000,370000,412000,468000,526000,14,68,5.3,
EDENHOPE,100000,106000,160000,130000,115000,144500,160000,147000,169500,143000,202500,161500,42,102,7.3,
EDITHVALE,590000,625000,615000,670000,766000,930000,1058500,1047500,950000,1029500,1240000,1346500,20,110,7.7,
EILDON,180000,185000,210000,205000,208500,210000,225000,258000,251500,285000,350000,480000,23,94,6.9,
ELLIMINYT,260000,323000,332000,313000,318000,364000,366500,385000,445000,470000,511000,645000,9,97,7.0,
ELMORE,188000,160000,184000,176000,200000,220000,162000,227500,235000,245000,332500,415000,36,77,5.9,
ELSTERNWICK,1200000,1155000,1365000,1315000,1621000,1723500,2087500,1970000,1825000,2081000,2175000,2234000,5,81,6.1,
ELTHAM,625000,590500,631500,670000,750000,820000,930000,942500,928000,995000,1225500,1290000,23,96,7.0,
ELTHAM NORTH,627000,580500,622000,680000,758000,850500,900000,930500,930000,1050000,1237500,1042000,18,97,7.0,
ELWOOD,1150000,1287500,1350000,1412500,1631000,1830000,1900000,2140000,1950000,2110000,2210000,2340000,5,92,6.8,
EMERALD,415000,410500,440000,449500,502000,545000,660500,730000,660000,730000,882000,930000,21,113,7.8,
ENDEAVOUR HILLS,400000,390000,400000,432000,496500,550000,630500,651000,620000,672000,750000,810000,12,88,6.5,
EPPING,385000,365000,366500,386500,400000,455000,556000,600000,546000,577000,652500,700000,13,69,5.4,
EPSOM,325000,315000,322500,342500,340000,340000,352000,357000,371500,431000,527500,600000,22,62,5.0,
ESSENDON,895000,920000,870000,942000,1228000,1365000,1400000,1682000,1450000,1520000,1717500,1783000,13,92,6.7,
ESSENDON NORTH,875500,686000,725000,840000,808000,875000,1100000,1145000,1100000,1260000,1387500,1335000,10,58,4.7,
ESSENDON WEST,742500,720000,720000,785000,920000,962500,1296000,1221000,1180000,1275000,1317500,1165000,3,77,5.9,
EUMEMMERRING,350000,327500,353000,365000,408500,450500,517500,622000,540000,556500,646000,775000,16,85,6.3,
EUREKA,257500,237000,243500,259000,247500,275000,251500,315500,360000,412500,430000,535000,4,67,5.3,
EUROA,185000,215000,208000,230000,235500,265000,239000,270000,309000,360000,407500,387500,13,120,8.2,
EYNESBURY,360000,400000,390500,390000,403500,459000,484000,550000,555000,600000,676500,715000,13,88,6.5,
FAIRFIELD,800000,825000,915000,945000,1111500,1303000,1496000,1316000,1295000,1395500,1700000,1540000,22,113,7.8,
FAIRHAVEN,715000,990000,785000,955000,897500,1052500,880000,1020000,1395000,1478000,1860000,2722000,26,160,10.0,
FAWKNER,439000,406500,410000,444000,510000,587500,705000,720000,665000,715000,815000,815000,14,86,6.4,
FERNTREE GULLY,430500,429500,451000,505000,599000,660000,749000,732500,692000,750000,865000,900000,15,101,7.2,
FERNY CREEK,525000,456000,497500,492500,621000,735000,798000,830000,800000,908000,1120000,1022500,23,113,7.9,
FINGAL,700000,600000,677500,730000,857500,840000,1000000,1350000,1240000,1312500,1807500,1667500,38,158,10.0,
FITZROY,880000,918500,945000,1130000,1297500,1600000,1625000,1450000,1400000,1400000,1477500,1542500,6,68,5.3,
FITZROY NORTH,855000,871000,976000,1014000,1188000,1279000,1450000,1475000,1385000,1600000,1720000,1760000,8,101,7.2,
FIVEWAYS,290000,343500,355000,315000,380000,417500,525000,542500,485000,530000,751500,949500,42,159,10.0,
FLEMINGTON,655000,652000,735500,730000,830000,918000,1100000,926500,1000000,1035000,1251000,1430000,21,91,6.7,
FLINDERS,822000,710000,765000,808000,839000,1225000,1525000,1697500,1670000,2085000,2667500,3845000,28,225,12.5,
FLORA HILL,285000,309000,310000,323500,321000,325000,335000,352500,370000,395000,481000,550000,22,69,5.4,
FLOWERDALE,286500,250000,292500,170000,255000,237500,310000,390000,287500,400000,475000,480000,19,66,5.2,
FOOTSCRAY,568000,568000,600000,645000,690500,775000,881000,899000,812000,880000,975000,996000,11,72,5.6,
FOREST HILL,560000,565000,650500,721000,892000,933500,1060000,935000,900000,986000,1208500,1245000,23,116,8.0,
FOSTER,265000,269500,298000,315000,325000,315000,320000,333500,330000,387500,450000,495000,16,70,5.4,
FRANKSTON,357000,340000,350000,372000,426000,474000,600000,605000,581000,621500,750000,779000,21,110,7.7,
FRANKSTON NORTH,277000,245000,255000,269000,297000,352000,470000,502000,423000,450000,580000,615000,29,109,7.7,
FRANKSTON SOUTH,533500,510000,535000,560000,620000,690000,815500,855000,817500,860000,1150000,1076000,34,116,8.0,
FRASER RISE,-,634500,455000,490000,465000,483000,541000,615000,595000,625000,677500,706000,8,0,NA,
FYANSFORD,425000,310000,386500,478000,688000,592500,610000,650000,660000,800500,832500,985000,4,96,7.0,
GARDEN CITY,912500,965000,1055000,1055000,1320000,1440000,1650000,1507500,1375000,1602500,2074500,2015000,29,127,8.6,
GARDENVALE,1133000,956000,1150000,1180000,1348000,1857500,1880000,1830000,1740000,1900000,2120000,NA,12,87,6.5,
GARFIELD,345000,335000,405000,355000,370000,405000,414500,540000,518000,590000,715000,795000,21,107,7.6,
GEELONG,475000,463000,500000,512000,607500,590000,735000,750000,720000,883500,950000,850000,8,100,7.2,
GEELONG WEST,405000,410000,440000,469000,490000,543500,654000,713000,675000,749500,885000,1100000,18,119,8.1,
GEMBROOK,385000,349000,344000,400000,440000,525000,565000,610000,650000,680000,789500,820000,16,105,7.4,
GISBORNE,430000,429500,496000,510000,550000,635000,655000,770000,730000,810000,900000,1125000,11,109,7.7,
GLADSTONE PARK,385000,380000,392500,400000,460000,525000,645000,630000,636500,640000,728000,745000,14,89,6.6,
GLEN HUNTLY,805000,792500,977500,1135000,1350000,1330000,1415000,1253000,1440000,1395000,2002500,824000,44,149,9.5,
GLEN IRIS,1200000,1200000,1310000,1500000,1800000,1935000,2025000,1927500,1967000,2130000,2470000,2150000,16,106,7.5,
GLEN WAVERLEY,718000,720000,815000,960000,1212500,1221000,1337500,1300000,1287500,1302500,1554500,1650000,19,117,8.0,
GLENGARRY,231000,232000,232500,283000,286000,277500,310000,300000,324000,388000,490000,615000,26,112,7.8,
GLENROWAN,290000,246000,230000,239000,225000,272500,300000,265000,372500,375000,500000,516000,33,72,5.6,
GLENROY,457500,437500,454000,500000,560000,600000,730000,725000,700000,740000,835500,815000,13,83,6.2,
GOLDEN BEACH,229000,206000,169500,172500,180000,212500,209500,225500,220000,270000,325000,375000,20,42,3.6,
GOLDEN POINT (BALLARAT),258000,250000,265000,265000,259500,295000,305000,347500,370000,430000,520000,557500,21,102,7.3,
GOLDEN SQUARE,270000,285000,295000,305000,306000,315000,320000,334000,340000,377500,468000,530000,24,73,5.7,
GORDON,300000,229500,278500,303000,290000,330000,404000,402500,495000,618000,632500,1022500,2,111,7.7,
GOUGHS BAY,180000,220000,257500,247500,265000,235000,257500,345500,299500,360000,499500,705000,39,177,10.7,
GOWANBRAE,555500,467500,616500,557500,573000,619000,790000,727500,700500,739000,940000,1010000,27,69,5.4,
GRANTVILLE,235000,245000,215000,255000,250000,272500,339500,402500,397500,440000,537500,570500,22,129,8.6,
GREEN LAKE,247500,250000,262500,254500,281500,305000,280000,270000,290000,360000,375000,440000,4,52,4.2,
GREENSBOROUGH,519000,491000,534000,574000,635000,717000,830000,815000,798000,850000,1001000,980000,18,93,6.8,
GREENVALE,545000,537000,550000,539500,500000,510000,650000,720000,715000,720000,820000,820000,14,50,4.2,
GROVEDALE,345000,340000,352000,362000,370000,400000,432000,495000,505000,550000,655000,698500,19,90,6.6,
HADFIELD,486000,430000,461500,500000,550000,624500,740500,741500,730000,745000,890000,920000,19,83,6.2,
HALLAM,360000,360000,362500,380000,424000,458500,580000,630000,550000,600000,700000,720000,17,94,6.9,
HALLS GAP,255000,233500,184500,224500,245000,272500,280000,355000,320000,350000,468000,570000,34,84,6.3,
HAMILTON,217500,189000,192500,200000,200000,217000,190000,225000,209500,255000,339000,360000,33,56,4.5,
HAMLYN HEIGHTS,348000,339500,363500,366500,382500,415000,500000,545000,540000,562000,710000,804000,26,104,7.4,
HAMPTON,1282500,1200000,1270000,1340000,1650000,1800000,2020000,1905000,1900000,2000000,2420000,2020000,21,89,6.6,
HAMPTON EAST,747500,732500,770000,862500,1020000,1200000,1340000,1230000,1211500,1290500,1527500,1500000,18,104,7.4,
HAMPTON PARK,335000,320000,330000,337500,370000,410000,505000,550000,502000,538000,620000,660000,15,85,6.3,
HARCOURT,268000,287500,309000,358000,295000,377500,385000,375000,420000,527500,604000,615000,15,125,8.5,
HARKNESS,336500,329000,330000,340000,350000,360000,420000,485000,475000,490000,535000,590000,9,59,4.7,
HASTINGS,350000,347000,345000,368000,365000,400000,507500,519500,506000,562000,653000,733000,16,87,6.4,
HASTINGS WEST,272000,282500,280000,277000,289500,338000,425000,480000,430000,487500,590000,675000,21,117,8.1,
HAWTHORN,1330000,1405000,1575000,1606500,1916500,2245000,2650000,2506500,2200000,2500000,2830000,2485000,13,113,7.8,
HAWTHORN EAST,1250500,1300000,1247500,1554000,1850000,1890000,2350000,2221500,2087500,2383000,2275000,1791500,-5,82,6.2,
HEALESVILLE,380000,380000,385500,400000,447500,457000,550000,601000,580000,602500,750000,800000,24,97,7.0,
HEATHCOTE,200000,220000,227500,260000,240000,268500,275000,310000,335000,365000,390000,500000,7,95,6.9,
HEATHERTON,632000,630000,630000,712000,771000,845000,981000,935000,965000,964000,1145000,1222500,19,81,6.1,
HEATHMONT,509000,525000,589000,638000,760000,789000,925000,932000,873000,930000,1091500,1117500,17,114,7.9,
HEIDELBERG,770000,750000,772500,840500,1060000,1150000,1280000,1114000,1107500,1283000,1465000,1565000,14,90,6.6,
HEIDELBERG HEIGHTS,536500,500000,536500,555000,676500,750000,843000,820000,790000,803000,1000000,952500,25,86,6.4,
HEIDELBERG WEST,420000,400000,425500,461000,580000,630000,730000,700000,670000,719500,804500,780000,12,91,6.7,
HEPBURN,310000,275000,291000,330000,395000,375000,440000,425000,452500,535000,695000,675000,30,124,8.4,
HEPBURN SPRINGS,308000,310000,340000,350000,380000,414000,515000,490000,595000,570000,825000,850000,45,168,10.4,
HERNE HILL,325000,321000,350000,357000,368500,402000,490000,550000,534000,600000,738000,785000,23,127,8.5,
HEYFIELD,175000,171500,200000,180000,182500,195000,178500,193000,195000,230000,330000,435000,43,89,6.5,
HEYWOOD,167500,153000,142000,150000,173000,160000,164000,166000,178000,185000,240000,265000,30,43,3.7,
HIGHETT,711000,682500,750000,850000,992500,1175000,1318500,1275000,1234000,1325000,1585500,1560000,20,123,8.4,
HIGHTON,450000,460000,477500,510000,505000,555000,622500,681000,690000,744000,888500,975000,19,97,7.0,
HILLSIDE (MELTON),415000,425000,430000,440000,470000,525500,620000,647000,641000,680000,730000,785000,7,76,5.8,
HOPETOUN,55500,81000,88000,95500,75000,80000,92000,86000,66000,150000,157000,214500,5,183,11.0,
HOPPERS CROSSING,328000,312500,321500,340000,365500,415000,516000,552000,526500,550000,590000,620000,7,80,6.0,
HORSHAM,210000,220000,215000,215000,240000,245000,262500,255000,269000,260000,345000,380000,33,64,5.1,
HUGHESDALE,740000,741500,820000,856000,1165000,1222500,1407000,1260000,1150500,1300000,1507500,1625000,16,104,7.4,
HUNTINGDALE,610000,590000,659000,728000,835000,924500,1132000,1010000,914000,1090000,1299500,1225000,19,113,7.9,
HUNTLY,250000,215000,337500,325000,355000,340000,335000,357500,367500,388000,486000,548000,25,94,6.9,
HURSTBRIDGE,457500,445000,482000,482000,547500,614500,714000,731000,700000,775000,900000,1390000,16,97,7.0,
INDENTED HEAD,347000,430000,390000,385000,382500,395000,455000,575500,606000,590000,750000,875000,27,116,8.0,
INGLEWOOD,208500,186500,160000,145000,200000,152500,182500,180000,185000,214000,320000,425500,50,53,4.4,
INVERLOCH,450000,420000,431000,440000,425000,442500,495000,598000,590000,665000,890500,927500,34,98,7.1,
INVERMAY PARK,363500,370000,378000,387000,405000,377500,391000,465000,475000,485000,680000,725000,40,87,6.5,
IRONBARK,287000,280000,277000,280000,292500,365000,280000,320000,304000,438500,523000,530000,19,82,6.2,
IRYMPLE,228000,215000,248000,228500,268000,257500,291000,310000,386500,354000,425000,519000,20,86,6.4,
IVANHOE,977500,907500,1100000,1206000,1125000,1400000,1547500,1600000,1590000,1630000,1830000,1927500,12,87,6.5,
IVANHOE EAST,1300000,1200000,1310000,1513000,1542500,1764500,1975000,1914000,1775000,2055000,2207500,2670000,7,70,5.4,
JACANA,345000,310500,334000,342500,375000,423000,571500,555000,512500,555000,626000,637500,13,81,6.1,
JACKASS FLAT,255000,357500,287500,360000,350500,345500,299000,310000,331500,401000,460000,542500,15,80,6.1,
JAMIESON,215000,267500,205000,210000,258500,220000,266500,265000,311500,345000,410000,686000,19,91,6.7,
JAN JUC,587500,570000,555000,595000,615000,716000,850000,905000,870000,964000,1333500,1317500,38,127,8.5,
JEERALANG NORTH,129000,159500,145500,187500,175000,140000,248000,170000,235000,240000,282000,335500,18,119,8.1,
JEPARIT,101500,59000,80500,63000,89000,124000,66500,77000,81000,110000,129000,145000,17,27,2.4,
JUNCTION VILLAGE,287500,300000,312000,320000,370000,389000,436000,509000,483500,515000,605000,NA,17,110,7.7,
JUNORTOUN,425000,465000,490000,508500,417500,490000,512500,506500,530000,598000,682000,910500,14,60,4.8,
KALIMNA,312500,281500,230000,285000,300000,270000,276500,326500,292500,350000,469000,589000,34,50,4.1,
KALKALLO,375000,272500,450000,450000,180000,432500,529500,548000,538000,555000,613500,635000,11,64,5.0,
KALLISTA,482000,452500,425000,465000,523000,567500,676000,737500,700000,715000,910000,1025000,27,89,6.6,
KALORAMA,440000,420000,442500,451000,496000,533000,670000,686500,645000,697500,822000,1126000,18,87,6.4,
KANGAROO FLAT,270000,284500,292500,300000,303000,300000,310000,325000,340000,380000,465000,545000,22,72,5.6,
KANGAROO GROUND SOUTH,606500,631000,615000,655000,650000,670000,853500,930000,815500,970000,1217000,1150000,25,101,7.2,
KANIVA,90000,87000,75000,87500,100000,120000,157500,164000,169500,115000,174000,126000,51,93,6.8,
KEALBA,372500,375000,370000,390000,400000,470000,595000,612000,596000,600000,655000,755000,9,76,5.8,
KEILOR,570000,592500,572500,633000,703000,805000,845000,815000,836500,885000,1066000,953000,20,87,6.5,
KEILOR DOWNS,405000,400000,403500,429000,496500,562000,670000,660000,630000,660000,775000,720000,17,91,6.7,
KEILOR EAST,587500,527500,560000,599000,651000,720000,843000,830000,835000,842000,999000,1032500,19,70,5.5,
KEILOR LODGE,520000,480000,490000,500000,555500,607500,760000,715000,740000,757500,842500,820000,11,62,4.9,
KEILOR PARK,501000,480000,455000,512500,565000,650000,741000,770000,704000,735000,820500,950000,12,64,5.1,
KENNINGTON,306000,300000,351500,345000,334000,355000,372000,383500,374000,428500,550000,595000,28,80,6.0,
KENSINGTON,650000,650000,690000,737500,823500,908000,1019000,1020000,978000,1106500,1165000,1219000,5,79,6.0,
KERANG,150000,150000,152000,145000,152000,167000,160000,177000,170000,198500,238000,267500,20,59,4.7,
KEW,1650000,1500000,1751000,1950000,2080000,2207500,2320000,2385000,2345000,2253000,2752500,2300000,22,67,5.3,
KEW EAST,1056000,1005000,1210000,1314000,1600000,1655000,1876000,1800000,1837000,1785000,1990000,NA,11,88,6.5,
KEW NORTH,1071000,995500,1260000,1301000,1665000,1827500,1880000,1767500,1833000,1840000,2050000,2169000,11,91,6.7,
KEYSBOROUGH,430000,425000,435000,456500,559500,650000,730000,745000,740000,762500,916000,935000,20,113,7.9,
KIALLA,360000,318500,360000,365000,367500,374000,390000,418000,450000,482500,544000,622500,13,51,4.2,
KILCUNDA,330000,350000,375000,320000,400000,480000,504000,496000,533000,702500,870000,810000,24,164,10.2,
KILLARA (WODONGA),-,116500,351000,346000,360000,425000,400000,420000,453500,447500,560000,632000,25,0,NA,
KILMORE,325000,312000,327500,319000,336500,333000,387500,440000,435000,477000,549000,617000,15,69,5.4,
KILSYTH,430000,415000,435000,460000,548500,620000,698500,685500,645000,677500,780500,855500,15,82,6.1,
KILSYTH SOUTH,520000,501000,542500,575000,676000,738000,845000,826000,780500,870000,977500,1185000,12,88,6.5,
KINGLAKE,306500,310000,330000,318000,340000,346000,458000,480000,555000,600000,640000,797500,7,109,7.6,
KINGS PARK,330000,324000,315000,325000,355000,415000,532500,550000,510000,550000,600000,650000,9,82,6.2,
KINGSBURY,475000,437500,470000,502500,560000,610000,731000,730000,660000,732500,847000,752500,16,78,6.0,
KINGSVILLE,599500,597500,635000,703500,785000,925000,1020000,990000,1010000,970000,1225000,1180000,26,104,7.4,
KNOXFIELD,480000,465000,500000,580000,681000,740000,870000,815000,760000,810000,980000,1040000,21,104,7.4,
KOO WEE RUP,334500,320000,315000,335000,345000,400000,450500,508500,550000,540000,610000,700000,13,82,6.2,
KOONDROOK,150000,165000,147500,155000,198500,165000,247500,268000,212500,254000,322500,237000,27,115,8.0,
KOOYONG,1510500,1820000,1417500,2900000,3400000,2762500,3950000,2630000,3585000,3500000,3150000,NA,-10,109,7.6,
KOROIT,266000,290000,275000,300000,296000,294000,325000,352000,347500,390000,495000,524000,27,86,6.4,
KORUMBURRA,237500,240000,236000,222500,262500,257500,292000,317500,319500,391000,480000,525000,23,102,7.3,
KURUNJANG,300000,281000,287000,280000,289500,310000,370000,435000,420000,432000,486000,552500,13,62,4.9,
KYABRAM,200000,217500,237000,235000,240000,234000,239000,261000,263000,280000,319500,395000,14,60,4.8,
KYNETON,370000,370000,369000,400000,425500,455000,495000,550000,595000,614000,765000,890000,25,107,7.5,
LAKE BOGA,212500,200000,200000,143500,245000,222500,182500,232500,239000,230000,315000,343000,37,48,4.0,
LAKE BUNGA,288000,330000,197500,162500,270000,270000,392500,380000,300000,350000,600000,829500,71,108,7.6,
LAKE GARDENS,400500,385000,445000,445000,461000,485000,461500,575000,552500,607500,692500,755000,14,73,5.6,
LAKE TYERS BEACH,285000,274000,270000,354000,330000,268500,362500,300000,357500,375000,505000,830000,35,77,5.9,
LAKE WENDOUREE,627500,545000,634000,650000,685000,700000,790000,775000,855000,1000000,1250000,1032500,25,99,7.1,
LAKES ENTRANCE,300000,250000,269500,254000,255500,280000,281500,328000,300000,350000,420000,540000,20,40,3.4,
LALOR,380000,360500,365000,385000,445000,499500,625500,625000,590000,623000,700000,726000,12,84,6.3,
LANCEFIELD,321000,315000,377500,362000,360000,360000,416000,456000,500000,540000,685000,625000,27,114,7.9,
LANG LANG,310000,277500,285000,295000,316500,355000,390000,475000,495000,540000,657000,712500,22,112,7.8,
LANGWARRIN,387500,375000,385000,420000,450000,503000,600000,642500,615000,660000,810000,860000,23,109,7.7,
LARA,327500,335000,350000,340000,348000,355000,430000,515000,495000,535000,685000,765000,28,109,7.7,
LARA LAKE,355000,355000,363500,398000,375000,395000,450500,525000,535500,575000,664500,694500,16,87,6.5,
LAUNCHING PLACE,343500,340000,330000,337500,366000,435000,490000,531000,554000,572500,688500,820000,20,101,7.2,
LAVERTON,340000,320000,325000,358000,377500,429000,535000,579000,529000,560000,605000,607500,8,78,5.9,
LAVERTON SOUTH,400000,390500,392500,425000,450000,528500,610500,646000,622500,647500,725000,807500,12,81,6.1,
LEITCHVILLE,67500,145000,98000,67500,100000,126500,100000,109500,106000,123500,220000,295000,78,226,12.5,
LENEVA,364000,382000,361500,372500,370500,376000,397500,387500,426000,470000,554000,635000,18,52,4.3,
LEONGATHA,282500,289000,300000,295500,305000,305000,320000,360000,370000,426000,505000,540000,19,79,6.0,
LEOPOLD,340000,350000,360000,366500,365000,407000,447000,500500,510000,535000,652000,700000,22,92,6.7,
LILYDALE,456000,420000,469000,482500,534000,633500,710500,705000,675500,718000,850000,851000,18,86,6.4,
LINDENOW,175000,249500,200000,226000,212500,212000,245000,313500,282500,282500,385000,452500,36,120,8.2,
LISMORE,145000,132500,110000,109000,115000,141500,155000,132500,144500,220000,176000,280000,-20,21,2.0,
LOCH,275000,286500,279000,242500,241000,339500,300000,398000,395000,444000,450000,NA,1,64,5.0,
LOCH SPORT,165000,165000,166000,153500,145000,178000,182000,230000,244000,247000,322000,417500,30,95,6.9,
LOCKINGTON,146500,165000,175000,174000,220000,196000,149000,183000,222000,195000,243000,350000,25,66,5.2,
LONG GULLY,220000,220000,230000,255000,244000,240000,256000,269000,280000,299500,385000,503500,28,75,5.8,
LONGWARRY,275000,286500,289500,297500,307000,334000,377000,403000,406000,427500,510000,525000,19,85,6.4,
LORNE,840000,800000,840000,815000,895000,765000,1150000,1275000,1295000,1497500,1830000,1445000,22,118,8.1,
LOVELY BANKS,385500,402000,360500,406500,388500,470000,460000,525000,570000,565000,662500,763000,17,72,5.6,
LOWER PLENTY,587500,615000,680500,675000,770000,900000,980000,1055000,950000,907000,1220000,1558000,34,108,7.6,
LUCAS,-,461000,348000,355000,389000,345000,349500,395000,431000,465000,585000,681500,26,0,NA,
LUCKNOW,247500,200000,235000,229000,230000,244500,261500,280000,275000,314500,355000,300000,13,43,3.7,
LYNBROOK,424500,415000,430000,460000,500000,542500,595000,640000,623000,660000,750000,805000,14,77,5.9,
LYNDHURST,440500,450000,465000,482500,550000,585000,625000,695000,665500,701500,815500,949000,16,85,6.4,
LYSTERFIELD,642500,643500,681500,670000,780000,857500,995500,976500,956500,994500,1130000,1166000,14,76,5.8,
LYSTERFIELD SOUTH,895000,830000,931500,1000000,1018500,1240000,1300000,1275000,775000,1410000,1618000,NA,15,81,6.1,
MACEDON,434500,525000,490000,460000,532500,585000,696000,815000,800000,883000,1130000,950000,28,160,10.0,
MACLEOD,600000,555000,647500,705000,755000,868000,950000,922500,922500,972500,1156500,1590000,19,93,6.8,
MACS COVE,176000,175500,244000,185000,189000,225000,240000,269500,300000,280000,450000,572500,61,156,9.8,
MADDINGLEY,300000,308000,316500,320000,332500,346000,395000,442000,460000,522000,567500,620000,9,89,6.6,
MAFFRA,230000,235000,229000,215000,230000,258000,251500,261500,255000,315000,338000,379000,7,47,3.9,
MAIDEN GULLY,408500,422500,440000,415000,430000,477000,471000,495500,514000,579000,725000,750000,25,78,5.9,
MAIDSTONE,540000,499000,535000,587500,630000,695000,825000,798500,779000,789500,855000,1040000,8,58,4.7,
MALDON,267500,272500,315000,325000,339000,395000,426500,420000,510000,546500,624500,693000,14,133,8.8,
MALLACOOTA,263000,267500,285000,285000,288500,325000,345000,280000,406500,415000,488500,408000,18,86,6.4,
MALMSBURY,300000,332500,292500,317500,397500,344000,447000,465000,475000,505000,735000,745000,45,145,9.4,
MALVERN,1542500,1550000,1508500,1946000,2230000,2332000,2750000,2661000,2570000,2842500,3000000,2460000,6,94,6.9,
MALVERN EAST,1120000,1039000,1200000,1380000,1610000,1729000,1824000,1900000,1787500,1885000,2100500,2410000,11,88,6.5,
MAMBOURIN,-,-,-,-,-,-,-,-,-,-,597500,639000,NA,NA,NA,
MANIFOLD HEIGHTS,449000,425000,532500,489000,489500,620000,721500,785500,715000,825000,924500,934000,12,106,7.5,
MANOR LAKES,360000,345000,340500,360000,385000,417500,490000,526000,533000,570000,597500,661000,5,66,5.2,
MANSFIELD,301500,315000,364000,347000,367500,359000,385000,430000,450000,510000,640000,795000,25,112,7.8,
MARENGO,502500,450000,750000,382500,577500,599000,670000,597500,687500,750000,1075000,1725000,43,114,7.9,
MARIBYRNONG,645000,646000,714000,750500,837500,940000,1056000,1050000,961500,936500,1165000,1125000,24,81,6.1,
MARLO,310000,315000,295000,285000,335500,305000,432500,385000,355000,405000,435000,580000,7,40,3.4,
MARONG,285000,312500,310000,345000,364000,330000,348000,365000,420000,465000,560000,640000,20,96,7.0,
MARSHALL,322500,365000,360000,382500,377000,400000,430000,468000,486500,510000,600000,671000,18,86,6.4,
MARYBOROUGH,180000,184000,194000,200000,192500,206500,194000,229500,236000,269500,337500,390000,25,88,6.5,
MARYSVILLE,395500,145000,180000,125000,320000,332500,383000,477500,462500,475000,670000,980000,41,69,5.4,
MCCRAE,623000,555000,530000,535000,597500,689000,775000,847500,795000,952500,1160000,1040000,22,86,6.4,
MCKENZIE HILL,394000,465000,397000,140000,429500,475000,471500,495000,536500,544500,697500,687500,28,77,5.9,
MCKINNON,925000,944000,1025000,1220000,1500000,1657500,1720000,1555000,1520500,1677500,1895000,2267500,13,105,7.4,
MCLOUGHLINS BEACH,152500,151500,145500,169500,145000,180000,110000,191000,210000,208000,271500,285000,31,78,5.9,
MEADOW HEIGHTS,321500,315000,317000,322500,350500,370000,451000,510000,474000,499000,557000,600000,12,73,5.6,
MEENIYAN,230000,216500,199000,223500,242500,270000,244500,292500,424500,349500,520000,780000,49,126,8.5,
MELTON,256000,250000,245000,240000,255000,280500,369000,415000,385000,390000,455000,496000,17,78,5.9,
MELTON SOUTH,247000,230000,230000,238000,260000,276000,377000,417000,390000,420000,465000,535000,11,88,6.5,
MELTON WEST,300000,283000,285500,290000,295000,330000,409000,453000,428000,470000,515000,550000,10,72,5.6,
MENTONE,692500,665000,705000,810000,950000,982500,1097500,1080000,1031000,1050000,1376000,1228000,31,99,7.1,
MENZIES CREEK,475000,465000,515000,428000,580000,597000,640000,760000,682500,745000,1020000,850000,37,115,7.9,
MERBEIN,157000,142500,140500,167000,180000,170000,183500,180000,210000,203000,227500,295500,12,45,3.8,
MEREDITH,275000,230000,353000,230000,280000,250000,323500,400000,330500,470000,523000,650000,11,90,6.6,
MERINDA PARK,307500,285000,310000,310000,345000,385000,471500,523000,476000,527500,615000,677000,17,100,7.2,
MERNDA,397000,374500,375000,370000,410000,430000,525000,573500,552000,570000,670000,682500,18,69,5.4,
MERRIGUM,185000,150000,160500,149000,209500,164500,160000,190000,270000,179000,255000,248500,42,38,3.3,
MERRIJIG (MANSFIELD),342500,272500,332500,390000,292500,344000,420000,461000,422500,613000,882000,905000,44,158,9.9,
METUNG,267500,350000,337500,287500,299000,360000,347500,371500,455000,485000,517500,625000,7,93,6.8,
MICKLEHAM,-,-,213000,168000,390000,437000,500500,520000,525000,565000,630000,665000,12,NA,NA,
MIDDLE PARK,1345000,1415000,1587500,2125000,2317000,2238500,2370000,2685000,2775000,2680000,2864000,2600000,7,113,7.9,
MILDURA,222000,225000,225500,245000,252000,260000,264000,281500,310000,337000,380000,439500,13,71,5.5,
MILL PARK,410000,405000,408000,430500,480000,560000,668500,657000,653000,690000,755000,805500,9,84,6.3,
MILLGROVE,235000,235000,245000,260000,275000,293500,343000,411000,415000,425000,540000,626000,27,130,8.7,
MINERS REST,339000,325000,330000,327500,335000,334000,370000,400000,427500,440000,530000,655000,20,56,4.6,
MINYIP,82500,81000,73500,95000,93000,82500,94000,81000,114500,75000,151500,144000,102,84,6.3,
MIRBOO NORTH,257000,252000,265000,250000,262000,275000,264000,307500,327500,376000,475000,621000,26,85,6.3,
MITCHAM,595000,584500,650000,730000,885500,941000,1070000,998000,942000,1066500,1212500,1215000,14,104,7.4,
MITCHELL PARK,247500,270000,267000,267500,260000,259000,263000,304500,313000,330000,400000,555000,21,62,4.9,
MOE,165000,165000,155000,170000,162500,173000,175000,200000,210000,250000,315000,335000,26,91,6.7,
MONBULK,392500,380000,395000,425000,471500,521500,608000,650000,630000,650000,766000,790000,18,95,6.9,
MONT ALBERT,1310000,1177500,1316000,1490000,1863000,1921000,2100000,1990000,1690000,2170000,2349000,2675000,8,79,6.0,
MONT ALBERT NORTH,850500,780000,995000,1100000,1400000,1490000,1565000,1460000,1380000,1437000,1590000,1555000,11,87,6.5,
MONTMORENCY,560000,561000,570000,614000,732000,780500,890000,926000,856000,913000,1160000,1175000,27,107,7.6,
MONTROSE,435000,426000,445000,476500,559000,625000,700500,737500,707500,730000,845000,930000,16,94,6.9,
MOONEE PONDS,780500,775000,830500,920000,1006000,1110500,1310000,1360000,1300000,1290000,1540000,1825000,19,97,7.0,
MOORABBIN,657000,631000,682000,768000,855000,980000,1160000,1130000,1065000,1072500,1400000,1445000,31,113,7.9,
MOOROOLBARK,435000,425000,440000,465000,558500,620000,725000,720000,670000,720000,842500,873000,17,94,6.8,
MOOROOPNA,215000,217500,207500,215000,230000,215500,225000,230000,247500,268500,335000,395500,25,56,4.5,
MORDIALLOC,660000,642500,680000,755000,850000,933000,1120000,1046500,1017500,1089000,1410000,1130000,29,114,7.9,
MORNINGTON,525000,501500,525000,558000,641000,745000,800000,850000,810000,895000,1100000,1225000,23,110,7.7,
MORTLAKE,146000,152000,129500,152500,120000,152000,170000,165000,164000,220000,290500,322500,32,99,7.1,
MORWELL,158500,150500,160000,150000,150000,153000,170000,167000,179000,200000,275000,315000,37,74,5.7,
MOUNT BEAUTY,173000,140000,180000,200000,189500,183000,258000,267500,295000,330000,446000,580000,35,158,9.9,
MOUNT CLEAR,287000,305000,286000,288000,322500,345000,345000,379000,396500,414000,505000,586500,22,76,5.8,
MOUNT DANDENONG,447500,476500,450000,610000,612500,641000,847000,647500,690000,791000,858500,1280000,9,92,6.7,
MOUNT DUNEED,190000,480000,286000,532000,545000,425000,500000,555000,557000,593000,698000,770000,18,267,13.9,
MOUNT EGERTON,222500,275000,250000,295000,230000,271500,310000,340500,330000,271000,555000,450000,105,149,9.6,
MOUNT ELIZA,725000,680000,750000,777500,832000,950000,1137500,1222500,1180000,1313000,1700000,1767500,29,134,8.9,
MOUNT EVELYN,400000,393000,406000,428500,493500,551000,640000,671500,636000,709000,820000,796500,16,105,7.4,
MOUNT HELEN,355000,325000,344000,368000,342000,355000,376000,420000,417000,470000,610000,615000,30,72,5.6,
MOUNT MACEDON,512500,543000,662500,600000,635000,750000,665000,859000,775000,1043000,1626000,1530000,56,217,12.2,
MOUNT MARTHA,690000,715500,727500,745000,785000,965000,1050000,1202500,1262500,1410500,1857500,1800000,32,169,10.4,
MOUNT PLEASANT,248500,259000,276500,269500,293500,297500,293000,350000,377500,415000,498000,590000,20,100,7.2,
MOUNT WAVERLEY,745000,733000,820000,950000,1267500,1265000,1416000,1320000,1270500,1300000,1510000,1510000,16,103,7.3,
MULGRAVE,531000,533000,577500,627000,765500,786000,900500,860000,840000,850000,1000000,907500,18,88,6.5,
MURCHISON,165000,183000,186000,155000,165000,187000,254500,225000,244500,291500,400000,410000,37,142,9.3,
MURRUMBEENA,822000,785000,870000,982500,1204000,1286000,1420000,1343500,1241500,1405000,1687500,1755000,20,105,7.5,
MURTOA,133000,108500,95000,110000,91000,97500,115000,110000,119000,130000,142500,160000,10,7,0.7,
MYRTLEFORD,219000,220000,220000,245000,242000,270500,265000,295000,325000,385000,515000,624500,34,135,8.9,
NAGAMBIE,248000,255000,312500,378000,360500,336000,330000,385000,414000,460000,545000,700000,18,120,8.2,
NAR NAR GOON,350000,395500,350000,395500,550000,442500,470000,522500,508500,535000,655000,655000,22,87,6.5,
NARRE WARREN,364000,356000,370000,386000,430000,486500,590000,614000,588000,610000,700000,768000,15,92,6.8,
NARRE WARREN NORTH,723000,660000,685000,822500,773000,900000,1108000,1180000,1075000,1185000,1430000,1467500,21,98,7.1,
NARRE WARREN SOUTH,405000,405000,410000,440000,476000,530000,620000,636500,625000,660000,750000,806500,14,85,6.4,
NATHALIA,150000,205000,165000,190500,178000,185000,232500,210000,229000,256000,265000,330000,4,77,5.9,
NATIMUK,142500,116000,166000,145000,161000,165500,249500,158500,148500,221000,296000,275000,34,108,7.6,
NEERIM SOUTH,260000,265000,340000,336500,280000,330000,320000,406500,413000,473500,555000,475000,17,113,7.9,
NELSON,240000,205000,224000,203500,257500,220000,249500,255000,247500,210000,355000,410000,69,48,4.0,
NERRINA,387000,467500,455000,482500,522500,517500,570000,575000,617500,630000,580000,510000,-8,50,4.1,
NEW GISBORNE,492000,475000,500000,510000,498000,545000,625000,757500,695000,721500,798500,820000,11,62,5.0,
NEWBOROUGH,187000,213500,213000,215000,220000,224500,220000,250000,255000,290000,359000,412500,24,92,6.7,
NEWCOMB,275000,275000,280000,292000,290500,310000,375000,453500,435000,476000,584000,615000,23,112,7.8,
NEWHAVEN,430000,360000,442500,422500,480000,457500,447500,520000,712000,505000,827500,936500,64,92,6.8,
NEWINGTON,290000,300000,320000,341000,345000,372500,422500,465000,490000,735000,720000,645000,-2,148,9.5,
NEWLANDS ARM,332000,325000,320000,302000,332500,380000,380000,367500,443000,470000,550000,660000,17,66,5.2,
NEWPORT,680000,630000,695000,740000,825000,950000,1080000,1059000,1055000,1092500,1288000,1350000,18,89,6.6,
NEWSTEAD,243000,252000,300000,297500,365000,362000,420000,318500,436000,470000,540000,615000,15,122,8.3,
NEWTOWN (GREATER GEELONG),533000,527500,570000,620000,642500,712500,780000,843000,832000,940000,1175000,1085000,25,120,8.2,
NHILL,107000,110000,110000,125000,128000,140000,126500,149000,137000,158500,180000,171000,14,68,5.3,
NICHOLS POINT,311500,232000,316500,304000,370000,396000,346000,470000,430000,475000,510000,500000,7,64,5.1,
NIDDRIE,742500,666000,700000,747500,832500,910000,1095000,1070000,1070000,1000500,1210000,995000,21,63,5.0,
NOBLE PARK,410000,382000,400000,440000,510000,600000,680000,680000,625500,675000,755000,770000,12,84,6.3,
NOBLE PARK NORTH,395000,370000,383000,420000,491500,563000,640000,660000,610000,655500,750000,790000,14,90,6.6,
NORLANE,203000,206500,202500,215000,216000,236500,290000,355000,350000,372000,450000,505000,21,122,8.3,
NORTH BENDIGO,230000,267000,271000,280000,286000,279000,302000,310000,325000,374000,460500,520000,23,100,7.2,
NORTH GEELONG,292500,286500,277000,301000,335000,338500,422000,495000,500000,550500,600000,638500,9,105,7.4,
NORTH MELBOURNE,750000,775000,802500,832000,926000,1200000,1390000,1185000,1375000,1150000,1311500,1177000,14,75,5.7,
NORTH SHORE,357500,287500,354000,403500,561000,533000,511000,497000,552500,615000,660000,NA,7,85,6.3,
NORTH WONTHAGGI,284000,256000,230000,268500,274500,259500,294000,369000,389000,419000,560000,664000,34,97,7.0,
NORTHCOTE,780000,786000,818000,935000,1008500,1190000,1325000,1345000,1307500,1413000,1655000,1550000,17,112,7.8,
NOTTING HILL,525500,547000,566500,660000,780000,872500,993000,957500,880000,940000,1163000,1220000,24,121,8.3,
NUMURKAH,190500,200500,195000,215000,219000,195000,219000,225000,250000,239000,310000,385000,30,63,5.0,
NUNAWADING,585000,591500,637500,721500,880000,970000,1090000,986000,951000,1038500,1250000,1295000,20,114,7.9,
NYAH WEST,70000,116500,94000,107500,146500,130000,133500,136000,85000,129000,174500,209000,35,149,9.5,
NYORA,216500,225000,222500,265000,245000,300000,260000,340000,370000,530000,745000,735000,41,245,13.2,
OAK PARK,590000,540000,576500,626000,660000,822500,853500,878500,840000,911500,1127500,1422500,24,91,6.7,
OAKLEIGH,700000,645000,753500,801500,1002000,1050000,1210000,1250000,1101000,1255000,1389500,1425000,11,99,7.1,
OAKLEIGH EAST,640000,610000,672000,820000,995000,983000,1195000,992500,950000,995000,1176500,1162500,18,84,6.3,
OAKLEIGH SOUTH,615000,590000,603000,700000,830000,890000,1030000,960000,908000,983500,1200000,1237500,22,95,6.9,
OCEAN GROVE,479000,465000,459000,515000,516500,555000,637000,691000,695000,790000,960000,1125000,22,100,7.2,
OFFICER,396000,429000,342000,339000,375000,440000,480000,548000,540000,582000,650000,720000,12,64,5.1,
OFFICER SOUTH,-,-,-,-,-,-,283000,569500,714000,770000,726500,935000,-6,NA,NA,
OLINDA,520000,445000,496000,520000,553500,620000,705000,760000,746500,757500,1087500,938500,44,109,7.7,
OMEO,162500,170000,210000,190000,212500,150000,183000,183500,250000,238000,319500,345000,34,97,7.0,
ORBOST,151500,150000,156000,150000,145000,162500,159000,165000,185500,220000,240000,315000,9,58,4.7,
ORMOND,912500,857500,997500,1187500,1300000,1550000,1604500,1600000,1475000,1590000,1895000,1927500,19,108,7.6,
OSBORNE,488500,507500,530000,540500,580000,640000,735000,757000,777500,850500,1114000,1070000,31,128,8.6,
OUYEN,110000,116500,75000,77500,105500,130000,130000,93000,99000,121000,155500,135000,29,41,3.5,
PAKENHAM,340000,335000,335000,350000,367000,400000,470000,520000,485000,525000,600000,655000,14,76,5.8,
PARADISE BEACH,159500,212500,163500,178000,188500,200000,180000,199000,200000,248000,321500,407500,30,101,7.3,
PARK ORCHARDS,942500,953000,952500,1103000,1225000,1335000,1450000,1480000,1510000,1530000,1920000,2240000,25,104,7.4,
PARKDALE,755500,677000,760000,860000,965000,1100000,1300000,1245000,1157500,1200500,1526500,1391500,27,102,7.3,
PARKVILLE,1100000,1360000,1200000,1525000,1360500,2130000,2287500,2430000,1480000,1837500,2301500,2233000,25,109,7.7,
PASCOE VALE,575000,540000,580000,655000,720000,805000,891000,901000,855000,947500,1050000,1097500,11,83,6.2,
PASCOE VALE SOUTH,612500,627500,645500,701000,745000,840000,975000,955000,950000,1006000,1299500,1116000,29,112,7.8,
PATTERSON GARDENS,605000,610000,620000,672000,739000,812000,885000,890000,920000,970000,1155000,1282500,19,91,6.7,
PATTERSON LAKES,625000,730000,645000,734000,787500,810000,1021500,1025000,924000,1100000,1317000,1287500,20,111,7.7,
PAYNESVILLE,323500,290000,283000,300000,302500,308000,336500,353000,340000,392500,465000,545000,18,44,3.7,
PEARCEDALE,405000,425000,385000,445000,470000,534000,607000,660000,660000,665000,775000,985000,17,91,6.7,
PENSHURST,165000,83000,144000,132500,191000,152000,125000,165000,165000,175000,188500,237500,8,14,1.3,
PETERBOROUGH,410000,333000,287500,307500,296500,340000,315000,450000,419000,550000,660000,610000,20,61,4.9,
PIONEER BAY,197500,235000,200000,220000,240000,216000,271500,308000,310000,355000,354000,550000,0,79,6.0,
PLENTY,730000,770000,773000,750000,915500,935000,1145000,1350000,1301000,1202500,1610000,1600000,34,121,8.2,
POINT COOK,445000,435000,450000,445000,465000,505000,590000,630000,635000,664000,740000,740000,11,66,5.2,
POINT LONSDALE,670000,700000,700000,707500,655000,641000,780000,840000,827500,880000,1300000,1485000,48,94,6.9,
POOWONG,208000,185000,215000,218000,240000,325000,293000,315000,443000,412500,422500,495000,2,103,7.3,
POREPUNKAH,276000,285000,347000,285000,323000,330000,447000,464500,530000,615000,757500,1047500,23,174,10.6,
PORT ALBERT,180000,235000,262500,190000,197500,218500,270000,240000,250000,315000,425000,523500,35,136,9.0,
PORT CAMPBELL,260000,275500,317500,285000,287500,335000,330000,395000,495000,473000,580000,800000,23,123,8.4,
PORT FAIRY,380000,410000,400000,425000,447500,473500,500000,651000,620000,670000,950000,1125000,42,150,9.6,
PORT MELBOURNE,915000,960000,995000,917500,1252500,1380000,1485000,1488000,1400000,1595000,1805000,1617500,13,97,7.0,
PORT WELSHPOOL,195000,266000,201500,244000,200000,380000,247500,295000,315000,310000,447500,489000,44,129,8.7,
PORTARLINGTON,425000,389000,390000,414500,409000,460000,515000,640000,625000,690000,820000,954000,19,93,6.8,
PORTLAND,236500,227500,235000,210000,220000,220000,230000,234500,266000,295000,369000,443500,25,56,4.5,
PORTLAND NORTH,215000,226500,300000,248000,330000,340000,360000,367500,276000,507000,470000,295000,-7,119,8.1,
PORTSEA,1625000,1398000,1195000,1305000,1800000,1701000,1925000,2180000,1950000,2530000,3765000,4400000,49,132,8.8,
PRAHRAN,955000,932500,990000,1175000,1350000,1430000,1525000,1578000,1520000,1650000,1830000,1750000,11,92,6.7,
PRESTON,602000,580000,632500,690000,791000,882000,996000,980000,940000,1030000,1250000,1252500,21,108,7.6,
PRINCES HILL,967500,928500,1216500,1210000,1280000,1555000,1767500,1650000,2035000,1600000,1992500,1582500,25,106,7.5,
PYRAMID HILL,91000,100000,112500,117000,112500,112500,112500,100000,120000,117500,128000,200000,9,41,3.5,
QUARRY HILL,292500,300000,385000,355000,377500,349000,362000,407500,395000,430000,535500,585000,25,83,6.2,
QUEENSCLIFF,590000,697500,630000,695000,700000,795000,763000,950000,950000,969000,1372000,1870000,42,133,8.8,
RAINBOW,71500,69000,62000,77000,68000,59500,82500,99000,75000,82000,112000,142500,37,57,4.6,
RAWSON,161000,141500,160500,100000,147000,151000,146500,164000,156000,217500,330000,290000,52,105,7.4,
RAYMOND ISLAND,262500,310000,297500,280000,285000,330000,289500,360000,300000,416500,450000,434500,8,71,5.5,
RED CLIFFS,170000,154000,163000,153000,175000,165000,223500,211500,217500,270000,311000,325000,15,83,6.2,
REDAN,227500,235000,250000,245000,246500,255000,287500,330000,357000,387500,455000,509000,17,100,7.2,
RESEARCH,657000,622500,605500,685000,686000,825500,950000,915000,937500,1178000,1175500,1090000,0,79,6.0,
RESERVOIR,500000,468500,510000,541000,615000,710000,812500,790000,754000,795500,940000,966000,18,88,6.5,
RHYLL,415000,400000,393000,482000,402000,460000,527500,657500,565000,579000,781500,935000,35,88,6.5,
RICHMOND,825000,823000,900000,961000,1150000,1265000,1302500,1312000,1260000,1365000,1480000,1385000,8,79,6.0,
RIDDELLS CREEK,449000,380000,450000,417500,456500,500000,580000,675000,702500,680000,880000,962500,29,96,7.0,
RINGWOOD,506000,503500,551000,660000,777500,837500,910500,896500,801000,900000,1018000,1032500,13,101,7.2,
RINGWOOD EAST,520000,490000,547000,612000,750000,806000,901000,881000,809000,866000,1050000,1075000,21,102,7.3,
RINGWOOD NORTH,569000,564000,631000,662000,783500,844000,960500,920000,871000,957500,1183000,1130000,24,108,7.6,
RIPPLESIDE,510000,414000,585000,530000,644000,739000,725000,750000,825000,862000,1090000,910000,26,114,7.9,
RIPPONLEA,830000,1055000,985000,1000000,1360000,1700000,1787500,1564000,1350000,2001000,1892500,1650000,-5,128,8.6,
ROBINVALE,136000,176000,151500,160000,184500,170000,197000,220000,231500,235000,340000,402500,45,150,9.6,
ROCHESTER,185000,210000,189500,215000,235000,239000,242500,236000,255000,237000,350000,385000,48,89,6.6,
ROCKBANK,251000,262000,309000,280000,300000,347000,455000,500000,497000,465000,565000,602500,22,125,8.5,
ROMSEY,360000,367500,387500,396000,420000,428000,470000,550000,580500,630000,780000,772500,24,117,8.0,
ROSANNA,725000,652500,717500,781500,905000,980000,1175000,1100000,1032500,1122500,1372000,1250000,22,89,6.6,
ROSEBUD,360000,350000,367000,365000,389000,445000,536000,590000,550000,595000,780000,832500,31,117,8.0,
ROSEBUD SOUTH,460000,450000,425000,500000,515000,545000,647500,711500,697000,658500,949500,1275000,44,106,7.5,
ROSEDALE,189000,208500,215000,215000,197000,230000,247000,280000,247000,252000,367500,420000,46,94,6.9,
ROWVILLE,527500,530000,570000,617500,710000,778000,867000,838000,820000,838000,1005000,1075000,20,91,6.7,
ROXBURGH PARK,360000,355000,365000,385000,400000,435000,515000,546000,543000,572500,615000,645000,7,71,5.5,
RUPANYUP,100000,127000,75000,105000,53500,75000,63500,87000,100500,90000,118000,220000,31,18,1.7,
RUSHWORTH,155000,190000,161000,158000,177000,200000,192500,198000,205000,226000,301000,365000,33,94,6.9,
RUTHERGLEN,207000,235000,232000,195000,230000,255000,262000,270000,282500,350000,402500,490000,15,94,6.9,
RYE,440000,422000,425000,460000,488000,550000,658000,705000,690000,793500,1100000,1225000,39,150,9.6,
SAFETY BEACH,553000,551000,515000,516500,595000,665000,780000,825000,810000,895000,1117000,1420000,25,102,7.3,
SAILORS GULLY,265000,257500,253000,262500,235000,225000,232000,290000,280000,300000,390000,470000,30,47,3.9,
SALE,291500,274500,290000,300000,298000,295500,300000,309500,325000,345000,399500,515000,16,37,3.2,
SAN REMO,411000,402500,410000,407000,420000,460000,497000,515000,554500,597500,850000,907500,42,107,7.5,
SANCTUARY LAKES,475000,512500,480000,485000,570000,503000,629000,627500,625000,653500,710000,730000,9,49,4.1,
SANDHURST,504500,511500,545000,549000,617500,678500,730000,837500,812500,780000,950000,966000,22,88,6.5,
SANDRINGHAM,1202500,1175000,1210000,1305000,1490000,1760000,1862500,1850000,1665000,1847000,2364000,2432500,28,97,7.0,
SANDY POINT,375000,355000,352500,380000,370000,359000,407500,410000,410000,517500,755000,820000,46,101,7.2,
SASSAFRAS,497500,397500,632500,556000,562000,653500,775500,750000,805000,770000,860000,973500,12,73,5.6,
SAWMILL SETTLEMENT,199000,207000,259000,205500,233000,350000,270000,285000,441000,400000,560000,565000,40,182,10.9,
SCORESBY,472000,480000,509000,570000,661000,700000,878500,835000,767000,785000,955000,982500,22,102,7.3,
SEA LAKE,112000,65000,80000,75000,90000,75000,70000,110000,100000,106500,121500,160000,14,8,0.8,
SEABROOK,407500,403500,422500,402500,456000,509000,635000,672500,626500,652500,730000,780000,12,79,6.0,
SEAFORD,415000,392500,419000,450000,475000,580500,700000,695000,655000,700000,850000,915000,21,105,7.4,
SEAHOLME,630000,600000,641000,670000,802500,872500,1157500,1015000,1020000,937500,1222000,1220000,30,94,6.8,
SEASPRAY,165000,192500,152000,164000,240000,175000,215000,210000,265000,260000,334000,390000,28,102,7.3,
SEBASTOPOL,228000,239000,242000,235500,244500,247500,256000,289500,315000,341000,420000,457000,23,84,6.3,
SEDDON,620500,670000,675000,730000,830000,934500,982500,1018500,960000,1064500,1225000,971000,15,97,7.0,
SELBY,421500,410000,420000,420000,469500,527500,600000,637500,601500,720000,904500,820000,26,115,7.9,
SEVILLE,380000,380000,400000,397500,450000,511500,611500,634500,620000,626000,770000,810000,23,103,7.3,
SEVILLE EAST,364500,342500,339500,350000,395000,440000,482500,551500,580000,600000,720000,NA,20,98,7.1,
SEYMOUR,190000,220000,220000,213000,225000,242500,277000,295000,300000,325000,390000,420000,20,105,7.5,
SHEPPARTON,242500,240000,247000,243000,250000,265000,261000,275000,282000,310000,370000,405000,19,53,4.3,
SHEPPARTON NORTH,330500,284000,346000,375000,348000,361000,347000,334000,393000,379000,425000,654000,12,29,2.5,
SHOREHAM,585000,618000,607000,620000,903000,868500,970000,1160000,1400000,1077000,1767500,1155000,64,202,11.7,
SILVERLEAVES,500000,505000,508000,460500,484000,446500,515000,721000,618500,775000,982000,2195000,27,96,7.0,
SKENES CREEK,370000,532500,465000,435000,491500,520000,517000,580000,667500,815000,952500,850000,17,157,9.9,
SKIPTON,160000,149000,155000,117500,137000,169000,187500,159500,200000,219500,270000,352500,23,69,5.4,
SKYE,385000,390000,395000,413000,430000,479000,570000,611000,597500,610000,745000,812500,22,94,6.8,
SMITHS BEACH,380000,430000,372500,390000,455000,470000,458500,589000,624500,695000,837000,976500,20,120,8.2,
SMYTHES CREEK,-,-,-,380000,380000,380000,380000,426500,430000,440500,500000,575000,13,NA,NA,
SMYTHESDALE,259000,207500,260000,207500,225000,250000,315000,290000,342500,475000,522500,NA,10,102,7.3,
SOLDIERS HILL,278000,292500,283000,341000,310000,374000,423500,447500,480000,557500,569000,655000,2,105,7.4,
SOMERS,615000,670000,657500,755000,696500,755500,820000,888500,950000,980000,1700000,1850000,73,176,10.7,
SOMERVILLE,375000,360000,385000,395000,425000,465000,580000,615000,600000,640000,780000,900000,22,108,7.6,
SORRENTO,905000,730000,770000,795000,859000,1130000,1300000,1380000,1470000,1665000,2200000,2426500,32,143,9.3,
SOUTH DUDLEY,230000,216500,192000,200500,221500,256000,233500,270000,339000,330000,445000,522000,35,93,6.8,
SOUTH GEELONG,382500,430000,420500,470000,425000,495000,650000,676000,702500,835000,1000000,1070000,20,162,10.1,
SOUTH KINGSVILLE,620000,610000,619500,671000,742000,903000,980000,1000000,859000,992000,1100000,1140000,11,77,5.9,
SOUTH MELBOURNE,925000,930000,1030000,1200000,1310000,1595000,1532500,1465000,1355000,1580000,1690000,1812500,7,83,6.2,
SOUTH MORANG,410000,420000,415000,420000,450000,502000,610500,634000,625500,640000,730000,755000,14,78,5.9,
SOUTH YARRA,1125000,1238000,1352500,1450000,1700000,1890000,2035000,1851000,1850000,2010000,2217500,1650000,10,97,7.0,
SPOTSWOOD,602500,655000,680000,640000,795000,917500,1027500,1080000,950000,1000000,1220000,1380000,22,102,7.3,
SPRING GULLY,320000,340000,345000,350000,350000,350000,390000,400000,386500,440000,552500,700000,26,73,5.6,
SPRINGVALE,470000,448000,451500,530000,629500,685000,750000,780000,746500,785000,853000,925000,9,81,6.1,
SPRINGVALE SOUTH,420000,408000,430000,475000,562000,630000,720000,720000,679000,725000,800000,800000,10,90,6.7,
ST ALBANS,387000,348000,350000,373500,428000,500000,610000,626500,591000,600000,685000,702500,14,77,5.9,
ST ALBANS PARK,310000,307500,335000,330000,329000,331000,379000,450000,422000,455000,600000,622500,32,94,6.8,
ST ANDREWS BEACH,550000,714000,480000,495000,560000,695000,855000,902500,930000,1207500,1710000,1595000,42,211,12.0,
ST ARNAUD,125000,123000,140000,145000,141000,142500,145000,145000,175000,170000,225000,255000,32,80,6.1,
ST HELENA,570000,550500,612500,623000,711000,800000,893500,910000,905000,930000,1137500,NA,22,100,7.2,
ST KILDA,860000,861000,892000,1225000,1164000,1305000,1551000,1755000,1600000,1330000,1662500,1515000,25,93,6.8,
ST KILDA EAST,962500,993000,1050500,1037500,1382500,1677500,1460000,1620000,1560500,1650000,1828000,1200000,11,90,6.6,
ST KILDA WEST,1700000,1262500,1142500,2235000,2013000,1797000,2380000,1942500,2465000,2630000,2750000,NA,5,62,4.9,
ST LEONARDS,389000,363000,350000,357000,375000,421500,469000,571500,562500,572000,702000,786000,23,80,6.1,
STANHOPE,152000,175000,150000,131000,152500,147000,181000,161500,187500,201500,255000,222500,27,68,5.3,
STAWELL,147000,167000,162500,172500,177000,177000,188000,190000,189000,226000,290000,321500,28,97,7.0,
STRATFORD,242500,267500,230000,261500,260500,272500,265000,258000,316500,320000,397500,463500,24,64,5.1,
STRATHDALE,369500,361000,392500,380000,410500,445000,380000,420000,451000,507000,645000,677500,27,75,5.7,
STRATHFIELDSAYE,370000,359000,377000,397500,408000,425000,455000,444000,476500,535000,640000,710000,20,73,5.6,
STRATHMERTON,107500,164500,166000,172500,190000,182500,140000,187500,195000,205000,265000,259000,29,147,9.4,
STRATHMORE,820000,800000,827500,865000,997500,1140000,1230000,1357500,1310000,1360000,1570000,1342500,15,91,6.7,
STRATHMORE HEIGHTS,700000,605000,621000,640000,700000,808000,970000,885000,800000,835000,962500,1137500,15,38,3.2,
STRATHTULLOH,-,191000,350000,440000,425000,430000,359000,425000,507500,522500,590000,642500,13,0,NA,
STUDFIELD,470000,480500,532500,617500,785000,853000,957500,906000,811000,836000,1036500,1001000,24,121,8.2,
SUNBURY,360000,350000,355000,360000,370000,395000,492000,545000,533500,572000,646500,655000,13,80,6.0,
SUNDERLAND BAY,280000,265000,324500,333000,287000,360000,357500,455000,413500,525000,717000,1037500,37,156,9.9,
SUNNYCLIFFS,85000,194000,195000,280000,185000,220000,228000,218000,229500,230000,325000,277500,41,282,14.4,
SUNSET STRIP,286500,286500,301500,310000,301500,340000,345000,390000,460000,511000,602500,835000,18,110,7.7,
SUNSHINE,430000,400000,435000,483500,530500,675000,765000,748500,715000,750000,870000,945000,16,102,7.3,
SUNSHINE NORTH,420000,395000,400000,425500,495000,560000,653000,663000,635000,675000,720500,734500,7,72,5.5,
SUNSHINE WEST,391500,375000,384500,395000,450000,520000,639500,635000,635000,657000,745000,780000,13,90,6.6,
SURF BEACH,350000,350000,375000,360000,355000,414000,425000,480000,525000,559000,700000,772500,25,100,7.2,
SURREY HILLS,1212000,1121500,1323000,1450000,1750000,1800500,2170000,1900000,1890000,1880000,2310000,2156000,23,91,6.7,
SWAN HILL,225000,225000,225000,230000,248000,262500,252000,267000,285000,319000,360000,354500,13,60,4.8,
SWAN REACH,253000,334000,230000,276000,331000,455000,350000,370000,450000,430000,562000,764500,31,122,8.3,
SYDENHAM,420500,415000,425000,415000,440000,505000,590000,620000,599500,635000,706000,675000,11,68,5.3,
SYNDAL,850000,778000,950500,1160000,1505000,1410000,1585000,1530000,1499000,1570000,1768000,2550000,13,108,7.6,
TALLANGATTA,175000,185000,154000,200000,233000,216000,275000,245000,257500,280000,350000,432000,25,100,7.2,
TARNEIT,369000,356000,371000,395000,400000,445000,515000,570000,555000,568000,600000,645000,6,63,5.0,
TATURA,215000,229500,230000,237500,233000,228000,262000,250000,276500,303500,355000,385000,17,65,5.2,
TAWONGA,260000,231000,310000,375000,235000,275000,265000,354000,460000,407500,459000,615000,13,77,5.8,
TAWONGA SOUTH,230000,255000,219500,235000,257500,298000,254000,310000,422500,380000,550000,664000,45,139,9.1,
TAYLORS HILL,420000,480000,487500,510000,530000,600000,686000,723000,702000,754000,840000,821500,11,100,7.2,
TAYLORS LAKES,500000,477500,490000,510000,561500,635000,720000,763500,750000,777500,880000,908500,13,76,5.8,
TECOMA,427500,412000,415000,478000,510000,601500,709000,700000,662500,742500,920000,929000,24,115,8.0,
TEMPLESTOWE,804000,811000,865000,951500,1180000,1260000,1415000,1308000,1292500,1381500,1602500,1644000,16,99,7.1,
TEMPLESTOWE LOWER,711500,670000,750000,830000,1060000,1105500,1302000,1150000,1080000,1186000,1430000,1624000,21,101,7.2,
TERANG,160000,155000,161500,195000,206500,150000,188500,194000,188500,232500,307500,330000,32,92,6.8,
THE BASIN,400000,410000,430000,463500,550000,595000,610000,682500,695000,739000,872000,837500,18,118,8.1,
THE HONEYSUCKLES,236000,215000,214000,190000,160000,237000,265000,290000,336000,315000,477500,502500,52,102,7.3,
THE PATCH,470000,417500,393500,486500,505000,570500,665000,730000,755000,760000,882500,807500,16,88,6.5,
THOMASTOWN,400000,365000,390000,420000,436000,493000,653000,636000,592000,621000,720000,742000,16,80,6.1,
THOMSON (GREATER GEELONG),281500,273500,282000,290000,290000,308500,365000,411000,400500,435000,585000,607000,34,108,7.6,
THORNBURY,690000,715500,729000,840000,918000,1079500,1225000,1137500,1150000,1250000,1490000,1462500,19,116,8.0,
THORNHILL PARK,-,-,-,-,-,441000,447000,578000,535000,540000,585000,600000,8,NA,NA,
TIMBOON,211500,212500,184000,210000,240000,215000,220000,247000,260000,412500,425000,460000,3,101,7.2,
TONGALA,154000,175000,185000,179000,165000,204000,200000,275000,234500,236500,305000,423000,29,98,7.1,
TOONGABBIE,230000,212500,234000,261500,235000,315000,286500,280500,315500,320000,445000,525000,39,93,6.8,
TOORA,200000,210000,171500,155000,230000,195000,190000,241500,275000,300000,430000,610000,43,115,8.0,
TOORADIN,365000,380000,420000,480000,471000,411000,599000,702000,700000,755000,800000,684500,6,119,8.2,
TOORAK,2617500,2775000,2875000,3391000,3987500,4900000,5100000,4700000,4550000,5500000,5925000,4555000,8,126,8.5,
TOOTGAROOK,373500,390000,387000,402500,405000,460000,591000,600500,586000,671000,874000,980000,30,134,8.9,
TORQUAY,565000,565000,580000,580000,620000,665000,720000,810000,815000,860000,1200000,1315000,40,112,7.8,
TRAFALGAR,271500,285000,283000,311000,310000,312500,333500,375000,396500,435000,485000,535000,11,79,6.0,
TRARALGON,270000,260000,269000,275000,273000,268000,288500,298000,326500,340000,408000,465000,20,51,4.2,
TRARALGON EAST,405000,402500,435000,440000,432500,445000,455000,425000,470000,501500,640000,592500,28,58,4.7,
TRAVANCORE,672000,810000,905000,848000,1100000,1305000,1415000,1475000,1125000,1617500,1800000,NA,11,168,10.4,
TRENTHAM,287000,331500,407500,340000,422500,455000,475000,603000,614000,620000,820000,950000,32,186,11.1,
TRUGANINA,357000,341500,360000,390000,391000,430000,519500,571500,575000,580000,618000,655000,7,73,5.6,
TULLAMARINE,420000,393500,395000,412000,472500,530000,655000,665500,612000,640000,757500,845000,18,80,6.1,
TYABB,350500,372500,370500,366000,395000,430000,510500,548000,586500,590000,736000,827500,25,110,7.7,
UNDERBOOL,49500,28000,85000,75000,25000,62500,60000,62500,39000,62000,99000,NA,60,100,7.2,
UPPER FERNTREE GULLY,400000,410000,435000,500000,515000,582000,685000,700000,642500,735000,858000,885000,17,115,7.9,
UPWEY,415000,422500,425000,476000,515000,585000,680000,710000,702500,760500,899000,865000,18,117,8.0,
VENTNOR,365000,363500,370000,377500,423500,420000,465000,490000,540000,619500,770000,840000,24,111,7.8,
VENUS BAY,265500,238500,242500,237000,236000,258000,262500,305000,330000,375000,574500,659000,53,116,8.0,
VERMONT,552500,571000,610000,725000,855000,900000,1065000,980000,935500,1000000,1226500,1255000,23,122,8.3,
VERMONT SOUTH,674000,654500,722500,815000,1000000,1082500,1200500,1150000,1165000,1200000,1420000,1451000,18,111,7.7,
VIEWBANK,604500,589000,630000,725000,829500,920000,1000000,933000,920000,985000,1233000,1215000,25,104,7.4,
VIOLET TOWN,170000,204500,215000,199500,200000,238500,217000,242500,287500,328500,381500,317500,16,124,8.4,
WAHGUNYAH,190000,244000,190000,213500,267000,290000,270000,240000,355000,320000,387000,349500,21,104,7.4,
WALKERVILLE,229500,280000,279000,230000,246000,283500,275000,266500,334500,350000,461000,567000,32,101,7.2,
WALLAN,350000,335000,341500,356000,362000,375000,425000,490000,480000,520000,580000,625000,12,66,5.2,
WALLAN EAST,305000,317000,310000,306500,309500,352500,410000,502000,450000,490000,583500,611000,19,91,6.7,
WANDANA HEIGHTS,592500,557500,540000,582000,590000,592500,645000,700000,766500,827000,925000,1030000,12,56,4.6,
WANDIN NORTH,380500,379000,407500,439500,480000,496500,665000,665000,630000,715000,765000,900000,7,101,7.2,
WANGARATTA,240000,240000,240000,255000,272000,270500,270000,320000,319000,356500,425000,530000,19,77,5.9,
WANTIRNA,528000,515000,576000,667500,764000,801000,953000,906500,850000,910000,1065000,1105000,17,102,7.3,
WANTIRNA SOUTH,582000,542500,579000,676500,829000,875000,1005000,1000000,988500,1015000,1222000,1336000,20,110,7.7,
WARBURTON,315000,300000,310000,315000,325000,366000,418000,495000,512500,543000,675000,825000,24,114,7.9,
WARNEET,295000,284000,337000,355000,395000,390000,485000,534000,512500,600000,666000,NA,11,126,8.5,
WARRACKNABEAL,115000,105000,107500,110000,110000,123500,113000,112500,118000,140000,180000,214500,29,57,4.6,
WARRAGUL,295000,300000,315000,320000,342000,340000,365000,449000,460000,497500,580000,648000,17,97,7.0,
WARRANDYTE,657000,620000,640000,760000,829000,890000,1042500,1110000,994000,996000,1285000,1320000,29,96,6.9,
WARRANWOOD,632500,654000,603000,665000,790000,865000,943500,1010000,935000,957000,1145000,1323000,20,81,6.1,
WARRNAMBOOL,320000,316500,325000,323000,330000,320000,330000,350000,370000,415000,520000,587500,25,63,5.0,
WATERWAYS,688000,682000,667000,845000,902000,1050000,1127500,1110000,1270000,1408000,1445000,1270500,3,110,7.7,
WATSONIA,500000,462000,505000,555000,607500,698000,835000,795000,736000,790000,961000,950000,22,92,6.8,
WATSONIA NORTH,470500,462000,510000,572500,635000,702500,790000,770000,726500,795000,962500,980500,21,105,7.4,
WATTLE GLEN,569500,527000,475000,500500,569000,580000,620000,810000,778500,810000,924000,895000,14,62,5.0,
WAURN PONDS,421000,452500,446500,470000,480000,501000,530000,621500,641500,671000,727500,807500,8,73,5.6,
WEDDERBURN,123000,122500,154000,137500,110000,150000,155000,130000,138500,150000,176500,325000,18,43,3.7,
WEIR VIEWS,-,407000,327500,388000,389000,418000,440000,470000,465000,495500,530000,593500,7,0,NA,
WELSHPOOL,217000,190000,166000,193000,272500,180000,230000,259000,300000,242500,380000,400000,57,75,5.8,
WENDOUREE,235000,236500,243000,247000,250000,252500,267500,326000,335000,370000,465000,495000,26,98,7.1,
WENDOUREE WEST,166000,167500,190000,165000,207500,185000,200000,245000,259000,300000,380000,420000,27,129,8.6,
WERRIBEE,315000,300000,309000,315000,335000,403000,470000,510000,500000,513000,575000,620500,12,83,6.2,
WERRIBEE SOUTH,436000,440000,538000,585000,680000,540000,650000,735000,744500,650000,822500,685000,27,89,6.6,
WESBURN,327000,290000,312500,288500,395000,455000,455000,463500,530000,532000,665000,700000,25,103,7.4,
WEST BENDIGO,161000,205000,259000,355000,293500,270000,215000,269500,241500,363500,575000,NA,58,257,13.6,
WEST FOOTSCRAY,525000,532500,553000,637500,697000,798000,887500,875000,785000,835000,1000000,1100000,20,90,6.7,
WEST MELBOURNE,885000,720000,905000,916000,1005000,1104500,1350000,1370000,1017500,1215000,1260000,1166000,4,42,3.6,
WEST WODONGA,275000,267500,272500,296000,306000,308500,321000,322000,342500,370000,429000,475000,16,56,4.5,
WESTALL,490000,479000,513500,550000,610000,696000,780000,800000,744500,739000,851000,905000,15,74,5.7,
WESTGARTH,951000,840000,920000,1100000,1300000,1500000,1383000,1707500,1492500,1566000,2075000,1915000,33,118,8.1,
WESTMEADOWS,397500,377500,386500,419000,470000,500000,566000,620000,620000,605500,715500,650000,18,80,6.1,
WHEELERS HILL,650000,669000,740000,805000,999000,1050000,1160000,1118500,1010000,1173500,1371000,1458000,17,111,7.7,
WHITE HILLS,265000,275000,280000,306000,297500,305000,300000,313500,330000,355000,470000,515000,32,77,5.9,
WHITTINGTON,265000,252000,259000,262000,280000,265000,316500,395000,377500,404000,485000,583000,20,83,6.2,
WHITTLESEA,372500,365000,375000,375000,400000,448500,469500,577500,580000,610000,675000,797500,11,81,6.1,
WILLIAMS LANDING,371000,450000,470000,450000,510000,530000,600000,685000,657000,680000,760000,802500,12,105,7.4,
WILLIAMSTOWN,900000,901000,920000,970000,1120000,1282500,1440000,1415000,1350000,1402500,1635500,1575500,17,82,6.2,
WILLIAMSTOWN NORTH,839000,680000,768000,803500,862500,1135500,1024000,847000,950000,905000,1250000,1610000,38,49,4.1,
WIMBLEDON HEIGHTS,259000,290000,271500,310000,291500,299000,334000,410000,386500,435000,592000,700000,36,129,8.6,
WINCHELSEA,260000,268500,287000,287500,262000,267000,357000,391000,430000,480000,552500,593000,15,113,7.8,
WINDSOR,824000,818000,835000,956500,1094000,1505000,1420000,1422500,1350000,1350000,1640000,1863000,21,99,7.1,
WINTER VALLEY,329000,353500,344500,360000,365000,362500,375000,405000,435000,470000,575000,601000,22,75,5.7,
WODONGA,279500,255500,282500,295000,295000,315000,341500,350000,331000,348000,440000,490000,26,57,4.6,
WOLLERT,450000,410000,400000,395000,432000,460000,520000,538000,570000,575000,640000,705000,11,42,3.6,
WONGA PARK,672500,622500,674500,673500,735000,801000,962500,1150000,1111000,1077500,1230000,1410000,14,83,6.2,
WONTHAGGI,261500,229000,225000,251000,262000,265000,289000,339000,375000,405000,550000,547500,36,111,7.7,
WOODEND,475000,430000,470000,460000,482500,460000,560000,665000,747500,765000,895000,937500,17,88,6.5,
WOOLAMAI WATERS,350000,350000,349000,381500,340000,375000,418000,469500,495500,560000,766500,818000,37,119,8.2,
WOORI YALLOCK,312000,315000,330000,317000,358000,391500,480000,520000,510000,552000,635000,615500,15,104,7.4,
WURRUK,216500,235000,285000,222000,230000,259500,235000,310000,210000,267000,352500,436500,32,63,5.0,
WY YUNG,288500,325000,285000,285000,290000,333500,328000,315000,349000,370000,453000,395000,22,57,4.6,
WYCHEPROOF,86000,96500,95000,103000,100000,82500,100000,124500,141500,131000,170000,185000,30,98,7.1,
WYNDHAM VALE,290000,286500,288000,306000,325000,365000,435500,474000,460500,480000,530000,575000,10,83,6.2,
YACKANDANDAH,290000,272500,327500,318000,300000,392500,446000,472500,497500,490000,669000,780000,37,131,8.7,
YALLAMBIE,506000,471000,532500,580000,665000,713500,781000,810000,792500,832500,990000,910000,19,96,6.9,
YALLOURN NORTH,139000,161000,135000,149500,153000,165500,180000,172000,191000,206000,263000,302500,28,89,6.6,
YARRA GLEN,425000,395000,420000,460000,530000,540000,620000,670000,670000,732500,850500,765000,16,100,7.2,
YARRA JUNCTION,365000,397000,406500,357500,417500,422500,535000,562500,582500,595000,687000,765000,15,88,6.5,
YARRAGON,255000,266000,258000,297000,284000,300000,280000,390000,410000,414000,565000,595000,37,122,8.3,
YARRAM,195500,215000,190000,202500,245000,230000,225000,218000,240000,260000,360000,452500,38,84,6.3,
YARRAVILLE,607000,613000,696000,710000,810000,900500,1000000,1045000,971000,1030000,1185000,1350000,15,95,6.9,
YARRAWONGA,270000,300000,302500,297000,300500,320000,324500,345000,375000,456500,560000,695000,23,107,7.6,
YEA,270000,255000,260000,255000,260000,305000,385000,390000,435500,422500,560000,610000,33,107,7.6,
YINNAR,208000,221500,220000,240000,182500,230000,270000,245000,255000,292500,460000,562500,57,121,8.3,
